Year,Month,Domestic_Debt,External_Debt,Total_Public_Debt,Date,Period,Treasury_Bills,Treasury_Bonds,Government_Stocks,Overdraft_CBK,Commercial_Bank_Advances,Other_Domestic_Debt,Total_Domestic_Debt,Import_Duty,Excise_Duty,Income_Tax,VAT,Other_Tax_Income,Total_Tax_Revenue,Non_Tax_Revenue,Total_Revenue_And_Grants,Programme_Grants,Grants,Total_Grants,Domestic_Interest,Foreign_Interest,Wages_&_Salaries,Pensions,Other,County_Transfer,Development_Expenditure,Total_Expenditure,Fiscal_Deficit,Total_Interest_Payments,Debt_Growth_Rate_%,Revenue_Growth_Rate_%,Expenditure_Growth_Rate_%,Debt_to_Revenue_Ratio,Interest_Burden_Ratio,Domestic_Debt_Ratio,External_Debt_Ratio,Treasury_Bills_Share,Treasury_Bonds_Share
1999,9,183417.0,320137.0,503554.0,1999-09-01,Sep-99,115068.55,27886.19,3430.28,6787.6,2885.37,27359.01,183417.0,7157.0,6869.0,12054.0,9255.0,,35335.0,5979.0,41314.0,6.0,1197.0,1203.0,3816.0,3068.0,16749.0,1387.0,12919.0,,6539.0,44478.0,3164.0,6884.0,,,,12.19,0.17,0.36,0.64,0.63,0.15
1999,12,190300.0,311953.0,502253.0,1999-12-01,Dec-99,121658.53,28427.98,3005.92,6664.38,2899.89,27643.3,190300.0,13912.0,14007.0,25545.0,19734.0,,73198.0,13131.0,86329.0,329.0,2211.0,2540.0,8935.0,4597.0,33483.0,2520.0,24135.0,,12765.0,86435.0,106.0,13532.0,-0.26,108.96,94.33,5.82,0.16,0.38,0.62,0.64,0.15
2000,3,201463.22,396800.0,598263.22,2000-03-01,Mar-00,131224.49,33477.49,3005.92,6662.98,2654.36,24437.99,201463.22,21407.0,21182.0,37156.0,30091.0,,109836.0,20756.0,130592.0,344.0,3319.0,3663.0,15784.0,6039.0,50232.0,3732.0,39481.0,,22493.0,137761.0,7169.0,21823.0,19.12,51.27,59.38,4.58,0.17,0.34,0.66,0.65,0.17
2000,6,206127.0,395694.0,601821.0,2000-06-01,Jun-00,131029.45,36851.07,3005.92,6528.95,2608.57,26103.04,206127.0,28605.0,28493.0,54402.0,40944.0,,152444.0,25999.0,178443.0,0.0,4247.0,4247.0,20752.0,8635.0,65861.0,5145.0,56142.0,,18584.0,175119.0,-3324.0,29387.0,0.59,36.64,27.12,3.37,0.16,0.34,0.66,0.64,0.18
2000,7,202362.0,394667.37,597029.37,2000-07-01,Jul-00,132167.45,39650.79,3005.92,5802.95,2458.81,19276.08,202362.0,2813.0,1572.0,2905.0,2708.0,,9998.0,1617.0,11615.0,0.0,323.0,323.0,2739.0,746.0,5805.0,543.0,4225.0,,1360.0,15418.0,3803.0,3485.0,-0.8,-93.49,-91.2,51.4,0.3,0.34,0.66,0.65,0.2
2000,8,196584.0,395710.06,592294.06,2000-08-01,Aug-00,129982.7,39292.68,3005.92,6281.82,2511.76,15509.12,196584.0,4427.0,4152.0,6375.0,7392.0,,22346.0,4257.0,26603.0,0.0,516.0,516.0,4298.0,1060.0,11610.0,600.0,12192.0,,1909.0,31669.0,5066.0,5358.0,-0.79,129.04,105.4,22.26,0.2,0.33,0.67,0.66,0.2
2000,9,195520.0,399798.72,595318.72,2000-09-01,Sep-00,131672.7,37187.28,3005.92,5839.36,2566.12,15248.61,195520.0,7273.0,6604.0,12174.0,11424.0,,37475.0,6797.0,44272.0,0.0,3069.0,3069.0,6682.0,1497.0,17415.0,1309.0,17457.0,,5450.0,49810.0,5538.0,8179.0,0.51,66.42,57.28,13.45,0.18,0.33,0.67,0.67,0.19
2000,10,195564.0,400203.03,595767.03,2000-10-01,Oct-00,132503.45,36881.13,1905.92,5875.78,2618.2,15779.52,195564.0,10131.0,8716.0,15448.0,15386.0,,49681.0,9319.0,59000.0,0.0,3355.0,3355.0,8659.0,1934.0,23220.0,1650.0,26926.0,,7396.0,69785.0,10785.0,10593.0,0.08,33.27,40.1,10.1,0.18,0.33,0.67,0.68,0.19
2000,11,195906.0,400714.45,596620.45,2000-11-01,Nov-00,133260.45,36877.03,1905.92,5838.47,2665.54,15358.59,195906.0,13022.0,11314.0,19522.0,19824.0,,63682.0,10898.0,74580.0,0.0,3569.0,3569.0,9603.0,2056.0,29025.0,2250.0,33368.0,,9646.0,85948.0,11368.0,11659.0,0.14,26.41,23.16,8.0,0.16,0.33,0.67,0.68,0.19
2000,12,192665.3,405355.31,598020.61,2000-12-01,Dec-00,132660.35,34114.71,1905.92,5838.47,2432.31,15713.54,192665.3,15048.0,13379.0,25026.0,23516.0,,76969.0,13396.0,90365.0,1714.0,6420.0,8134.0,11302.0,2232.0,34828.0,3250.0,40593.0,,12707.0,104912.0,14547.0,13534.0,0.23,21.17,22.06,6.62,0.15,0.32,0.68,0.69,0.18
2001,1,193332.95,403645.68,596978.63,2001-01-01,,,,,,,,,17301.0,16115.0,28901.0,27924.0,,90241.0,17042.0,107283.0,1714.0,8410.0,10124.0,13606.0,2915.0,41062.0,4096.0,48053.0,,13659.0,123391.0,16108.0,16521.0,-0.17,18.72,17.61,5.56,0.15,0.32,0.68,,
2001,2,199537.27,402555.4,602092.67,2001-02-01,,,,,,,,,19313.0,18250.0,32481.0,31742.0,,101786.0,21394.0,123180.0,1714.0,8654.0,10368.0,14901.0,3293.0,46622.0,4755.0,57650.0,,14807.0,142028.0,18848.0,18194.0,0.86,14.82,15.1,4.89,0.15,0.33,0.67,,
2001,3,200622.58,403373.54,603996.12,2001-03-01,,,,,,,,,21733.0,20457.0,36597.0,36730.0,,115517.0,25289.0,140806.0,1714.0,11232.0,12946.0,16906.0,3727.0,52472.0,5116.0,65606.0,,22196.0,166023.0,25217.0,20633.0,0.32,14.31,16.89,4.29,0.15,0.33,0.67,,
2001,4,210581.44,402308.31,612889.75,2001-04-01,,,,,,,,,23951.0,22896.0,40043.0,41195.0,,128085.0,26744.0,154829.0,3585.0,11648.0,15233.0,19225.0,4205.0,57431.0,5476.0,77896.0,,23466.0,187699.0,32870.0,23430.0,1.47,9.96,13.06,3.96,0.15,0.34,0.66,,
2001,5,202880.88,408100.64,610981.52,2001-05-01,,,,,,,,,26224.0,25321.0,46418.0,45722.0,,143685.0,33866.0,177551.0,3585.0,11793.0,15378.0,20500.0,4445.0,62451.0,5837.0,86235.0,,28892.0,208360.0,30809.0,24945.0,-0.31,14.68,11.01,3.44,0.14,0.33,0.67,,
2001,6,211812.6,393978.0,605790.6,2001-06-01,,,,,,,,,28726.0,28318.0,55829.0,50298.0,,163171.0,31542.0,194713.0,5955.0,18125.0,24080.0,23232.0,7803.0,68119.0,6136.0,93651.0,,33980.0,232921.0,38208.0,31035.0,-0.85,9.67,11.79,3.11,0.16,0.35,0.65,,
2001,7,205012.0,393491.36,598503.36,2001-07-01,,,,,,,,,1697.0,1830.0,3162.0,3337.0,,10026.0,1739.0,11765.0,0.0,120.0,120.0,2349.0,1232.0,5699.0,5.0,3534.0,,1007.0,13826.0,2061.0,3581.0,-1.2,-93.96,-94.06,50.87,0.3,0.34,0.66,,
2001,8,214767.0,392335.83,607102.83,2001-08-01,,,,,,,,,4407.0,4515.0,6572.0,8166.0,,23660.0,4663.0,28323.0,1026.0,501.0,1527.0,3772.0,1617.0,12460.0,1475.0,11435.0,,3542.0,34301.0,5978.0,5389.0,1.44,140.74,148.09,21.43,0.19,0.35,0.65,,
2001,9,219165.0,392052.74,611217.74,2001-09-01,,,,,,,,,5945.0,6662.0,12346.0,12277.0,,37230.0,7011.0,44241.0,1026.0,693.0,1719.0,5742.0,2436.0,18375.0,2505.0,15315.0,,4609.0,48982.0,4741.0,8178.0,0.68,56.2,42.8,13.82,0.18,0.36,0.64,,
2001,10,225952.0,389276.05,615228.05,2001-10-01,,,,,,,,,7672.0,8968.0,15683.0,16438.0,,48761.0,10023.0,58784.0,1026.0,1229.0,2255.0,7844.0,3006.0,25313.0,2620.0,20733.0,,6140.0,65656.0,6872.0,10850.0,0.66,32.87,34.04,10.47,0.18,0.37,0.63,,
2001,11,217524.0,386971.92,604495.92,2001-11-01,,,,,,,,,9946.0,11758.0,19614.0,21232.0,,62550.0,12819.0,75369.0,1026.0,1716.0,2742.0,9534.0,3238.0,31641.0,4213.0,31315.0,,7676.0,87617.0,12248.0,12772.0,-1.74,28.21,33.45,8.02,0.17,0.36,0.64,,
2001,12,221984.0,384302.58,606286.58,2001-12-01,,,,,,,,,11575.0,14113.0,25701.0,24826.0,,76215.0,14559.0,90774.0,1026.0,2002.0,3028.0,11985.0,4150.0,37837.0,4998.0,34640.0,,8551.0,102161.0,11387.0,16135.0,0.3,20.44,16.6,6.68,0.18,0.37,0.63,,
2002,1,222711.0,382302.84,605013.84,2002-01-01,,,,,,,,,13305.0,17460.0,29724.0,29723.0,,90212.0,16848.0,107060.0,1026.0,2378.0,3404.0,14135.0,4998.0,44767.0,5782.0,42190.0,,10555.0,122427.0,15367.0,19133.0,-0.21,17.94,19.84,5.65,0.18,0.37,0.63,,
2002,2,227581.0,381497.47,609078.47,2002-02-01,,,,,,,,,14508.0,20586.0,33596.0,33541.0,,102231.0,21338.0,123569.0,1026.0,2675.0,3701.0,15878.0,5456.0,51073.0,6561.0,49359.0,,12057.0,140384.0,16815.0,21334.0,0.67,15.42,14.67,4.93,0.17,0.37,0.63,,
2002,3,229167.0,380169.06,609336.06,2002-03-01,,,,,,,,,16114.0,23178.0,37918.0,37506.0,,114716.0,22966.0,137682.0,1026.0,3546.0,4572.0,18044.0,6186.0,57542.0,6572.0,55781.0,,13467.0,157592.0,19910.0,24230.0,0.04,11.42,12.26,4.43,0.18,0.38,0.62,,
2002,4,233149.0,378475.98,611624.98,2002-04-01,,,,,,,,,17607.0,26016.0,42065.0,41896.0,,127584.0,28865.0,156449.0,1473.0,3681.0,5154.0,20423.0,6754.0,64827.0,7365.0,63667.0,,15218.0,178254.0,21805.0,27177.0,0.38,13.63,13.11,3.91,0.17,0.38,0.62,,
2002,5,231773.0,378594.34,610367.34,2002-05-01,,,,,,,,,19323.0,28974.0,48780.0,46389.0,,143466.0,31095.0,174561.0,1473.0,4988.0,6461.0,21852.0,6941.0,72343.0,8155.0,69418.0,,20459.0,199168.0,24607.0,28793.0,-0.21,11.58,11.73,3.5,0.16,0.38,0.62,,
2002,6,235991.0,377748.0,613739.0,2002-06-01,,,,,,,,,21584.0,32077.0,55862.0,50871.0,,160394.0,37374.0,197768.0,1473.0,5350.0,6823.0,23744.0,6640.0,78125.0,8995.0,84458.0,,24953.0,226915.0,29147.0,30384.0,0.55,13.29,13.93,3.1,0.15,0.38,0.62,,
2002,7,242102.05,376712.94,618814.99,2002-07-01,,,,,,,,,1421.0,2479.0,3015.0,3892.0,,10807.0,2124.0,12931.0,0.0,698.0,698.0,3105.0,732.0,6970.0,626.0,5575.0,,1780.0,18788.0,5857.0,3837.0,0.83,-93.46,-91.72,47.86,0.3,0.39,0.61,,
2002,8,247168.98,376868.51,624037.49,2002-08-01,,,,,,,,,3226.0,5431.0,7540.0,8009.0,,24206.0,4180.0,28386.0,0.0,1691.0,1691.0,5076.0,1170.0,14272.0,1356.0,13180.0,,5340.0,40394.0,12008.0,6246.0,0.84,119.52,115.0,21.98,0.22,0.4,0.6,,
2002,9,250808.6,375034.19,625842.79,2002-09-01,,,,,,,,,4554.0,8517.0,13442.0,12468.0,,38981.0,6871.0,45852.0,0.0,2712.0,2712.0,7374.0,1742.0,19277.0,2256.0,19201.0,,7985.0,57835.0,11983.0,9116.0,0.29,61.53,43.18,13.65,0.2,0.4,0.6,,
2002,10,251196.67,373140.09,624336.76,2002-10-01,,,,,,,,,5963.0,10389.0,17528.0,18598.0,,52478.0,8897.0,61375.0,0.0,2983.0,2983.0,9592.0,3938.0,26719.0,3216.0,26205.0,,9576.0,79246.0,17871.0,13530.0,-0.24,33.85,37.02,10.17,0.22,0.4,0.6,,
2002,11,255192.66,371334.71,626527.37,2002-11-01,,,,,,,,,7383.0,13097.0,22656.0,23163.0,,66299.0,11002.0,77301.0,0.0,3539.0,3539.0,11240.0,4868.0,33753.0,4166.0,31889.0,,12757.0,98673.0,21372.0,16108.0,0.35,25.95,24.51,8.11,0.21,0.41,0.59,,
2002,12,259828.23,369729.83,629558.06,2002-12-01,,,,,,,,,8520.0,15946.0,29916.0,27566.0,,81948.0,14540.0,96488.0,0.0,3621.0,3621.0,13533.0,5634.0,41200.0,5071.0,40518.0,,14794.0,120750.0,24262.0,19167.0,0.48,24.82,22.37,6.52,0.2,0.41,0.59,,
2003,1,263986.33,369051.09,633037.42,2003-01-01,,,,,,,,,10119.0,19296.0,34827.0,32540.0,,96782.0,17524.0,114306.0,0.0,4673.0,4673.0,16005.0,6316.0,48182.0,5615.0,50135.0,,17438.0,143691.0,29385.0,22321.0,0.55,18.47,19.0,5.54,0.2,0.42,0.58,,
2003,2,264193.21,367469.4,631662.61,2003-02-01,,,,,,,,,11781.0,22291.0,38580.0,37369.0,,110021.0,25542.0,135563.0,0.0,5808.0,5808.0,18044.0,6632.0,55629.0,6365.0,60387.0,,19240.5,166298.0,30735.0,24676.0,-0.22,18.6,15.73,4.66,0.18,0.42,0.58,,
2003,3,270716.28,364904.26,635620.54,2003-03-01,,,,,,,,,13276.0,25303.0,44149.0,42047.0,,124775.0,26310.0,151085.0,0.0,7366.0,7366.0,20862.0,7154.0,63076.0,7314.0,62672.0,,21043.0,182121.0,31036.0,28016.0,0.63,11.45,9.51,4.21,0.19,0.43,0.57,,
2003,4,276083.44,363605.43,639688.88,2003-04-01,,,,,,,,,14712.0,28428.0,51614.0,46983.0,,141737.0,28462.0,170199.0,0.0,9195.0,9195.0,23329.0,7582.0,70413.0,6870.0,66995.0,,29145.0,204334.0,34135.0,30911.0,0.64,12.65,12.2,3.76,0.18,0.43,0.57,,
2003,5,280928.98,361731.2,642660.18,2003-05-01,,,,,,,,,16542.0,31455.0,57418.0,51502.0,,156917.0,30414.0,187331.0,0.0,12502.0,12502.0,25183.0,7639.0,77750.0,7730.0,77458.0,,35248.0,231008.0,43677.0,32822.0,0.46,10.07,13.05,3.43,0.18,0.44,0.56,,
2003,6,289376.97,407053.0,696429.97,2003-06-01,,,,,,,,,18477.0,35643.0,66744.0,56135.0,,176999.0,33751.0,210750.0,458.0,14484.0,14942.0,27567.0,8459.0,85087.0,9450.0,90055.0,,43526.0,264144.0,53394.0,36026.0,8.37,12.5,14.34,3.3,0.17,0.42,0.58,,
2003,7,292277.47,398532.85,690810.32,2003-07-01,,,,,,,,,1677.0,2681.0,4736.0,3622.0,,12716.0,2339.0,15055.0,0.0,173.0,173.0,2124.98,910.0,7225.0,1201.0,7651.0,,2438.0,21549.98,6494.98,3034.98,-0.81,-92.86,-91.84,45.89,0.2,0.42,0.58,,
2003,8,295494.51,397991.28,693485.79,2003-08-01,,,,,,,,,3297.0,5574.0,9577.0,7703.0,,26151.0,5224.0,31375.0,0.0,2761.0,2761.0,4262.5,1310.0,14435.0,2103.0,14861.0,,6756.0,43727.5,12352.5,5572.5,0.39,108.4,102.91,22.1,0.18,0.43,0.57,,
2003,9,303252.05,411067.0,714319.05,2003-09-01,,,,,,,,,4994.0,8937.0,16934.0,12713.0,,43578.0,8287.0,51865.0,4275.0,2908.0,7183.0,6504.0,1832.0,21574.0,2220.0,21449.0,,7676.0,61255.0,9390.0,8336.0,3.0,65.31,40.08,13.77,0.16,0.42,0.58,,
2003,10,301918.96,409359.85,711278.82,2003-10-01,,,,,,,,,6647.0,12019.0,21865.0,18085.0,,58616.0,10637.0,69253.0,4275.0,3376.0,7651.0,8768.0,2526.0,28712.0,2720.0,29818.0,,8740.0,81284.0,12031.0,11294.0,-0.43,33.53,32.7,10.27,0.16,0.42,0.58,,
2003,11,303548.41,406592.25,710140.65,2003-11-01,,,,,,,,,8084.0,15401.0,26451.0,22932.0,,72868.0,13441.0,86309.0,4275.0,5055.0,9330.0,10684.0,2635.0,35851.0,4225.0,33880.0,,11742.0,99017.0,12708.0,13319.0,-0.16,24.63,21.82,8.23,0.15,0.43,0.57,,
2003,12,301190.58,410149.0,711339.58,2003-12-01,,,,,,,,,10044.0,18800.0,34766.0,28051.0,,91661.0,19884.0,111545.0,4383.0,5959.0,10342.0,12701.0,3382.0,43722.0,6125.0,40947.0,,14910.0,121787.0,10242.0,16083.0,0.17,29.24,23.0,6.38,0.14,0.42,0.58,,
2004,1,299701.26,409158.26,708859.52,2004-01-01,,,,,,,,,12079.0,22689.0,39854.0,33458.0,,108080.0,22015.0,130095.0,4383.0,6128.0,10511.0,14301.0,4092.0,54738.0,8375.0,47610.0,,16894.0,146010.0,15915.0,18393.0,-0.35,16.63,19.89,5.45,0.14,0.42,0.58,,
2004,2,300907.92,407417.62,708325.54,2004-02-01,,,,,,,,,13758.0,25819.0,45323.0,38472.0,,123372.0,25071.0,148443.0,4383.0,8163.0,12546.0,16410.0,4498.0,63638.0,9305.0,52742.0,,20046.0,166639.0,18196.0,20908.0,-0.08,14.1,14.13,4.77,0.14,0.42,0.58,,
2004,3,302023.58,412036.08,714059.66,2004-03-01,,,,,,,,,15790.0,29434.0,51380.0,44115.0,,140719.0,28985.0,169704.0,4383.0,8165.0,12548.0,18710.0,4974.0,70370.0,10205.0,63123.0,,22039.0,189421.0,19717.0,23684.0,0.81,14.32,13.67,4.21,0.14,0.42,0.58,,
2004,4,301177.37,409950.33,711127.7,2004-04-01,,,,,,,,,18003.0,32817.0,60967.0,49959.0,,161746.0,33961.0,195707.0,4383.0,9784.0,14167.0,20309.0,5608.0,78610.0,10570.0,72036.0,,25615.0,212748.0,17041.0,25917.0,-0.41,15.32,12.31,3.63,0.13,0.42,0.58,,
2004,5,299347.29,408547.54,707894.83,2004-05-01,,,,,,,,,19457.0,35885.0,67287.0,55199.0,,177828.0,38384.0,216212.0,4383.0,9894.0,14277.0,21857.0,5662.0,86938.0,10933.0,79213.0,,27028.0,231631.0,15419.0,27519.0,-0.45,10.48,8.88,3.27,0.13,0.42,0.58,,
2004,6,306234.66,443157.43,749392.09,2004-06-01,,,,,,,,,22324.0,40085.0,77410.0,61725.0,,201544.0,53137.0,254681.0,4383.0,11841.0,16224.0,23281.0,6419.0,95850.0,13612.0,105314.0,,37711.0,282187.0,27506.0,29700.0,5.86,17.79,21.83,2.94,0.12,0.41,0.59,,
2004,7,303462.12,444611.0,748073.12,2004-07-01,,,,,,,,,1511.0,2964.0,5363.0,5027.0,,14865.0,1950.0,16815.0,0.0,1747.0,1747.0,1733.82,1108.0,8552.69,1080.0,4807.49,,3160.0,20442.0,3627.0,2841.82,-0.18,-93.4,-92.76,44.49,0.17,0.41,0.59,,
2004,8,301678.34,444460.66,746138.99,2004-08-01,,,,,,,,,3591.0,6239.0,11254.0,11391.0,,32475.0,4675.0,37150.0,0.0,2199.0,2199.0,3661.0,1536.0,17638.0,2530.0,12848.0,,4162.0,42375.0,5225.0,5197.0,-0.26,120.93,107.29,20.08,0.14,0.4,0.6,,
2004,9,299745.58,454438.56,754184.14,2004-09-01,,,,,,,,,5744.0,9830.0,20225.0,17664.0,,53463.0,7173.0,60636.0,0.0,3395.0,3395.0,5228.0,2184.0,26489.0,3030.0,21346.0,,7661.0,65938.0,5302.0,7412.0,1.08,63.22,55.61,12.44,0.12,0.4,0.6,,
2004,10,301541.3,454539.95,756081.25,2004-10-01,,,,,,,,,7608.0,14117.0,28150.0,22967.0,,72842.0,12783.0,85625.0,0.0,3696.0,3696.0,6643.0,2796.0,35378.0,4140.0,30306.0,,9516.0,88779.0,3154.0,9439.0,0.25,41.21,34.64,8.83,0.11,0.4,0.6,,
2004,11,302543.91,454664.42,757208.33,2004-11-01,,,,,,,,,9619.0,17879.0,34643.0,29323.0,,91464.0,17077.0,108541.0,0.0,3774.0,3774.0,8144.0,3100.0,44087.0,5240.0,39093.5,,13593.5,113258.0,4717.0,11244.0,0.15,26.76,27.57,6.98,0.1,0.4,0.6,,
2004,12,295374.44,439992.95,735367.39,2004-12-01,,,,,,,,,11872.0,21737.0,47005.0,36003.0,,116617.0,22327.0,138944.0,0.0,5611.0,5611.0,9777.0,4121.0,53054.0,6340.0,45422.0,,14922.0,133636.0,-5308.0,13898.0,-2.88,28.01,17.99,5.29,0.1,0.4,0.6,,
2005,1,291222.66,446226.13,737448.8,2005-01-01,,,,,,,,,14047.0,25260.0,55557.0,43434.0,,138298.0,27348.0,165646.0,0.0,7108.0,7108.0,11984.01,5190.43,62025.57,7532.0,50002.99,,21388.0,158123.0,-7523.0,17174.44,0.28,19.22,18.32,4.45,0.1,0.39,0.61,,
2005,2,292227.33,445544.58,737771.91,2005-02-01,,,,,,,,,15886.0,28901.0,61342.0,48930.0,,155059.0,30460.0,185519.0,0.0,9366.0,9366.0,13855.0,5612.0,68899.0,9132.0,56307.0,,24158.0,177963.0,-7556.0,19467.0,0.04,12.0,12.55,3.98,0.1,0.4,0.6,,
2005,3,296330.22,424857.08,721187.3,2005-03-01,,,,,,,,,17533.0,32414.0,69295.0,55620.0,,174862.0,33903.0,208765.0,0.0,10371.0,10371.0,16368.0,6196.0,77315.0,9797.0,67309.0,,25268.0,202253.0,-6512.0,22564.0,-2.25,12.53,13.65,3.45,0.11,0.41,0.59,,
2005,4,307160.62,424345.69,731506.31,2005-04-01,,,,,,,,,19309.0,36180.0,78792.0,62565.0,,196846.0,35960.0,232806.0,0.0,11236.0,11236.0,18406.0,6724.0,85602.0,11821.0,77780.0,,29621.0,229954.0,-2852.0,25130.0,1.43,11.52,13.7,3.14,0.11,0.42,0.58,,
2005,5,304975.65,423476.45,728452.1,2005-05-01,,,,,,,,,21010.0,39892.0,87626.0,68247.0,,216775.0,37405.0,254180.0,0.0,12396.0,12396.0,20500.0,7011.0,95780.0,12124.0,90049.0,,35328.0,260792.0,6612.0,27511.0,-0.42,9.18,13.41,2.87,0.11,0.42,0.58,,
2005,6,315572.5,433975.65,749548.15,2005-06-01,,,,,,,,,23532.0,44151.0,99255.0,75989.0,,242927.0,46875.0,289802.0,5564.0,9341.0,14905.0,23375.0,7427.0,105612.0,12568.0,109096.0,,45627.0,303705.0,13903.0,30802.0,2.9,14.01,16.45,2.59,0.11,0.42,0.58,,
2005,7,324027.42,435399.9,759427.32,2005-07-01,,,,,,,,,987.0,2687.0,6654.0,3826.0,,14154.0,1327.0,15481.0,0.0,818.0,818.0,2098.0,1946.0,8944.0,575.0,7571.0,,3533.0,24667.0,9186.0,4044.0,1.32,-94.66,-91.88,49.06,0.26,0.43,0.57,,
2005,8,325380.53,434850.69,760231.23,2005-08-01,,,,,,,,,2742.0,6080.0,15462.0,9577.0,,33861.0,3551.0,37412.0,0.0,1881.0,1881.0,4201.0,2603.0,17869.0,2118.0,21576.0,,8785.0,57152.0,19740.0,6804.0,0.11,141.66,131.69,20.32,0.18,0.43,0.57,,
2005,9,328799.98,418860.33,747660.31,2005-09-01,,,,,,,,,4652.0,11369.0,27337.0,14771.0,,58129.0,6815.0,64944.0,0.0,3760.0,3760.0,6529.0,3222.0,26833.0,4438.0,32072.0,,13458.0,86552.0,21608.0,9751.0,-1.65,73.59,51.44,11.51,0.15,0.44,0.56,,
2005,10,332725.65,418417.49,751143.14,2005-10-01,,,,,,,,,6322.0,15246.0,35498.0,21362.0,,78428.0,12493.0,90921.0,0.0,4201.0,4201.0,8970.0,5031.0,35619.0,7404.0,43993.0,,16821.0,117838.0,26917.0,14001.0,0.47,40.0,36.15,8.26,0.15,0.44,0.56,,
2005,11,333501.48,417897.89,751399.38,2005-11-01,,,,,,,,,8227.0,20179.0,42620.0,26950.0,,97976.0,13629.0,111605.0,0.0,4704.0,4704.0,11198.0,5155.0,43747.0,9434.0,52603.0,,19157.0,141294.0,29689.0,16353.0,0.03,22.75,19.91,6.73,0.15,0.44,0.56,,
2005,12,335001.89,408601.92,743603.81,2005-12-01,,,,,,,,,9923.0,24937.0,54823.0,33753.0,,123436.0,19179.0,142615.0,0.0,5698.0,5698.0,13761.0,5824.0,53666.0,11189.0,70401.0,,23847.0,178688.0,36073.0,19585.0,-1.04,27.79,26.47,5.21,0.14,0.45,0.55,,
2006,1,333950.84,407544.63,741495.47,2006-01-01,,,,,,,,,11731.0,29458.0,62639.0,41172.0,,145000.0,24821.0,169821.0,4371.0,9548.0,13919.0,16873.0,6887.0,62610.0,12698.0,80326.0,,30397.0,209791.0,39970.0,23760.0,-0.28,19.08,17.41,4.37,0.14,0.45,0.55,,
2006,2,338613.23,407132.44,745745.67,2006-02-01,,,,,,,,,13270.0,33685.0,69270.0,47161.0,,163386.0,26840.0,190226.0,4371.0,10131.0,14502.0,19690.0,8075.0,71555.0,14088.0,87103.0,,34745.0,235256.0,45030.0,27765.0,0.57,12.02,12.14,3.92,0.15,0.45,0.55,,
2006,3,346064.04,407003.71,753067.75,2006-03-01,,,,,,,,,15205.0,37886.0,78853.0,54261.0,,186205.0,30947.0,217152.0,4371.0,11234.0,15605.0,22772.0,8715.0,79621.0,15571.0,100299.0,,41437.0,268415.0,51263.0,31487.0,0.98,14.15,14.09,3.47,0.14,0.46,0.54,,
2006,4,348220.36,406531.77,754752.13,2006-04-01,,,,,,,,,16053.0,41208.0,89221.0,60194.0,,206676.0,34314.0,240990.0,4371.0,11981.0,16352.0,25419.0,9276.0,88448.0,16274.0,109883.0,,44350.0,293650.0,52660.0,34695.0,0.22,10.98,9.4,3.13,0.14,0.46,0.54,,
2006,5,349489.93,406493.69,755983.63,2006-05-01,,,,,,,,,18426.0,45389.0,100030.0,67931.0,,231776.0,41715.0,273491.0,4371.0,12579.0,16950.0,28364.0,9378.0,97300.0,17922.0,122508.0,,53415.0,328887.0,55396.0,37742.0,0.16,13.49,12.0,2.76,0.14,0.46,0.54,,
2006,6,357838.95,431236.83,789075.78,2006-06-01,,,,,,,,,20511.0,50309.0,108897.0,76263.0,,255980.0,57615.55,313595.55,4371.0,15592.0,19963.0,31445.0,9664.0,112277.0,19759.0,143036.0,,60301.0,376482.0,62886.45,41109.0,4.38,14.66,14.47,2.52,0.13,0.45,0.55,,
2006,7,364835.71,430667.84,795503.56,2006-07-01,,,,,,,,,2031.08,3768.98,7398.71,7589.0,,20787.77,1858.02,22645.79,0.0,264.0,264.0,3009.0,582.0,9886.0,1800.0,10263.0,,372.0,25912.0,3266.21,3591.0,0.81,-92.78,-93.12,35.13,0.16,0.46,0.54,,
2006,8,367963.31,431095.63,799058.94,2006-08-01,,,,,,,,,4650.0,8755.0,14810.0,14016.0,,42231.0,4227.0,46458.0,0.0,1440.0,1440.0,5964.0,925.0,19492.0,4800.0,19352.0,,8824.0,59357.0,12899.0,6889.0,0.45,105.15,129.07,17.2,0.15,0.46,0.54,,
2006,9,371591.47,422647.93,794239.41,2006-09-01,,,,,,,,,6971.0,12768.0,28625.0,19560.0,,67924.0,7633.0,75557.0,0.0,2173.0,2173.0,8918.0,1531.0,29344.0,6800.0,33874.0,,13901.0,94368.0,18811.0,10449.0,-0.6,62.64,58.98,10.51,0.14,0.47,0.53,,
2006,10,375524.02,424414.09,799938.11,2006-10-01,,,,,,,,,8954.0,16862.0,35345.0,29267.0,,90428.0,13743.0,104171.0,0.0,3693.0,3693.0,11732.0,1861.0,39087.0,8100.0,48555.0,,19034.0,128369.0,24198.0,13593.0,0.72,37.87,36.03,7.68,0.13,0.47,0.53,,
2006,11,381034.85,424933.07,805967.92,2006-11-01,,,,,,,,,11294.0,21240.0,43019.0,37417.0,,112970.0,15687.0,128657.0,0.0,5025.0,5025.0,14389.0,1957.0,48800.0,9900.0,60206.54,,25858.36,161110.89,32453.89,16346.0,0.75,23.51,25.51,6.26,0.13,0.47,0.53,,
2006,12,385121.22,407742.55,792863.77,2006-12-01,,,,,,,,,13692.73,25373.9,56537.0,44617.0,,140220.64,22218.18,162438.82,0.0,6027.0,6027.0,17559.0,2756.0,58514.21,11798.11,69864.6,,30276.87,190768.79,28329.97,20315.0,-1.63,26.26,18.41,4.88,0.13,0.49,0.51,,
2007,1,378127.61,417467.73,795595.34,2007-01-01,,,,,,,,,16071.0,31205.0,65182.0,53015.0,,165473.0,29847.0,195320.0,0.0,6163.0,6163.0,20634.0,3224.0,67370.0,12348.0,79741.0,,36409.0,219726.0,24406.0,23858.0,0.34,20.24,15.18,4.07,0.12,0.48,0.52,,
2007,2,385824.93,416510.41,802335.34,2007-02-01,,,,,,,,,18178.0,35139.0,72539.0,59867.0,,185723.0,36020.0,221743.0,0.0,6463.0,6463.0,23507.0,3560.0,78528.0,14208.0,93710.0,,41924.0,255437.0,33694.0,27067.0,0.85,13.53,16.25,3.62,0.12,0.48,0.52,,
2007,3,386287.74,409055.74,795343.48,2007-03-01,,,,,,,,,20514.0,39613.0,82947.0,68899.0,,211973.0,44741.0,256714.0,0.0,8283.0,8283.0,27789.0,4158.0,89423.0,16668.0,106502.0,,53094.0,297635.0,40921.0,31947.0,-0.87,15.77,16.52,3.1,0.12,0.49,0.51,,
2007,4,390491.89,420265.23,810757.12,2007-04-01,,,,,,,,,23078.0,44926.0,97426.0,78522.0,,243952.0,46493.0,290445.0,0.0,11011.0,11011.0,30959.0,4532.0,99437.0,17648.0,120816.0,,57472.0,330864.0,40419.0,35491.0,1.94,13.14,11.16,2.79,0.12,0.48,0.52,,
2007,5,390795.61,419743.45,810539.06,2007-05-01,,,,,,,,,25336.0,50336.0,108700.0,87395.0,,271767.0,56188.0,327955.0,0.0,11150.0,11150.0,33698.0,4623.0,111308.0,19718.0,127186.0,,65153.0,361686.0,33731.0,38321.0,-0.03,12.91,9.32,2.47,0.12,0.48,0.52,,
2007,6,404690.11,396564.0,801254.11,2007-06-01,,,,,,,,,27510.0,56406.0,124855.0,96269.0,,305040.0,67990.0,373030.0,0.0,15494.0,15494.0,36860.0,5677.0,128754.0,20449.0,133959.0,,81053.0,406752.0,33722.0,42537.0,-1.15,13.74,12.46,2.15,0.11,0.51,0.49,,
2007,7,410229.01,410512.75,820741.77,2007-07-01,,,,,,,,,3215.0,5162.0,10060.0,10742.0,,29179.0,4337.0,33516.0,0.0,656.0,656.0,3443.0,400.0,10532.0,1550.0,10617.0,,2751.0,29293.0,-4223.0,3843.0,2.43,-91.02,-92.8,24.49,0.11,0.5,0.5,,
2007,8,415915.04,409066.12,824981.16,2007-08-01,,,,,,,,,5913.0,10732.0,19686.0,19580.0,,55911.0,8886.0,64797.0,0.0,1167.0,1167.0,7413.0,685.0,18936.0,3586.0,25594.0,,13432.0,69646.0,4849.0,8098.0,0.52,93.33,137.76,12.73,0.12,0.5,0.5,,
2007,9,426821.36,408680.79,835502.14,2007-09-01,,,,,,,,,8587.0,15286.0,34486.0,28835.0,,87194.0,8816.0,96010.0,0.0,1237.0,1237.0,10454.0,1069.0,33208.0,5238.0,28578.0,,16275.0,94822.0,-1188.0,11523.0,1.28,48.17,36.15,8.7,0.12,0.51,0.49,,
2007,10,418488.14,419738.84,838226.99,2007-10-01,,,,,,,,,11550.0,20953.0,45811.0,38500.0,,116814.0,13588.0,130402.0,0.0,4735.0,4735.0,14026.0,1501.0,44188.0,6710.0,45162.0,,31232.0,142819.0,12417.0,15527.0,0.33,35.82,50.62,6.43,0.12,0.5,0.5,,
2007,11,426062.44,424243.21,850305.66,2007-11-01,,,,,,,,,14620.0,26998.0,56302.0,48176.0,,146096.0,16487.0,162583.0,0.0,6365.0,6365.0,17568.0,1729.0,55347.0,8507.0,59827.0,,45560.0,188538.0,25955.0,19297.0,1.44,24.68,32.01,5.23,0.12,0.5,0.5,,
2007,12,438059.11,406923.0,844982.11,2007-12-01,,,,,,,,,16734.0,31030.0,71944.0,54489.0,,174197.0,29534.0,203731.0,0.0,8362.0,8362.0,21111.0,2330.0,68335.0,12560.0,65899.0,,51723.0,221958.0,18227.0,23441.0,-0.63,25.31,17.73,4.15,0.12,0.52,0.48,,
2008,1,432183.9,424205.02,856388.92,2008-01-01,,,,,,,,,19651.0,37665.0,83880.0,66249.0,,207445.0,34077.0,241522.0,3759.0,12345.0,16104.0,24572.0,2752.0,79725.0,12200.0,102416.0,,61951.0,283616.0,42094.0,27324.0,1.35,18.55,27.78,3.55,0.11,0.5,0.5,,
2008,2,434621.39,425976.18,860597.57,2008-02-01,,,,,,,,,22497.0,42036.0,92769.0,75003.0,,232305.0,37001.0,269306.0,3759.0,12345.0,16104.0,27931.0,3036.0,91115.0,13300.0,110597.0,,67992.0,313971.0,44665.0,30967.0,0.49,11.5,10.7,3.2,0.11,0.51,0.49,,
2008,3,444736.37,425086.89,869823.26,2008-03-01,,,,,,,,,25650.0,46662.0,105627.0,82964.0,,260903.0,47380.0,308283.0,3759.0,14305.0,18064.0,30969.0,4069.0,103504.0,16840.0,127674.0,,75538.0,358594.0,50311.0,35038.0,1.07,14.47,14.21,2.82,0.11,0.51,0.49,,
2008,4,437870.94,425992.78,863863.72,2008-04-01,,,,,,,,,27846.0,52062.0,123757.0,92085.0,,295750.0,50441.0,346191.0,3759.0,16166.0,19925.0,33692.0,4492.0,118452.0,19290.0,137243.0,,80757.0,393926.0,47735.0,38184.0,-0.69,12.3,9.85,2.5,0.11,0.51,0.49,,
2008,5,442684.75,429644.66,872329.41,2008-05-01,,,,,,,,,30534.0,57077.0,138685.0,102154.0,,328450.0,53181.0,381631.0,3759.0,21036.0,24795.0,38243.0,4719.0,130297.0,22350.0,156735.0,,96341.0,448685.0,67054.0,42962.0,0.98,10.24,13.9,2.29,0.11,0.51,0.49,,
2008,6,430611.73,439967.0,870578.73,2008-06-01,,,,,,,,,32944.0,61906.0,156832.0,111939.0,,363621.0,68599.0,432220.0,3759.0,21689.0,25448.0,42181.0,5696.0,145996.0,24089.0,185407.0,,131473.0,534841.0,102621.0,47877.0,-0.2,13.26,19.2,2.01,0.11,0.49,0.51,,
2008,7,428148.13,432808.95,860957.07,2008-07-01,,,,,,,,,2476.0,5238.0,11384.0,10354.0,,29452.0,4100.0,33552.0,0.0,121.0,121.0,3213.0,356.0,13788.0,1550.0,7293.0,,3320.0,29520.0,-4032.0,3569.0,-1.11,-92.24,-94.48,25.66,0.11,0.5,0.5,,
2008,8,433489.36,433670.73,867160.09,2008-08-01,,,,,,,,,4654.0,10437.0,22118.0,20201.0,,57410.0,8818.0,66228.0,0.0,2090.0,2090.0,6742.0,605.0,27183.0,3620.0,18262.0,,18231.0,74643.0,8415.0,7347.0,0.72,97.39,152.86,13.09,0.11,0.5,0.5,,
2008,9,449333.84,432954.02,882287.86,2008-09-01,,,,,,,,,7760.0,15882.0,39782.0,31243.0,,94667.0,14219.0,108886.0,0.0,3239.0,3239.0,10417.0,1087.0,38111.0,7315.0,33556.0,,19580.0,110066.0,1180.0,11504.0,1.74,64.41,47.46,8.1,0.11,0.51,0.49,,
2008,10,454685.97,434487.59,889173.56,2008-10-01,,,,,,,,,10964.0,21837.0,52024.0,41993.0,,126818.0,19429.0,146247.0,0.0,3520.0,3520.0,13629.0,1536.0,52138.0,8840.0,60543.0,,39172.0,175858.0,29611.0,15165.0,0.78,34.31,59.78,6.08,0.1,0.51,0.49,,
2008,11,451392.1,450248.35,901640.45,2008-11-01,,,,,,,,,14326.0,26446.0,62803.0,53117.0,,156692.0,23568.0,180260.0,0.0,3890.0,3890.0,18805.0,1692.0,61815.0,10400.0,71731.0,,46067.0,210510.0,30250.0,20497.0,1.4,23.26,19.7,5.0,0.11,0.5,0.5,,
2008,12,456227.91,516671.33,972899.25,2008-12-01,,,,,,,,,18052.0,32495.0,84804.0,63846.0,,199197.0,32564.0,231761.0,0.0,5165.0,5165.0,21359.0,2637.0,77778.0,13970.0,90195.0,,57006.0,262945.0,31184.0,23996.0,7.9,28.57,24.91,4.2,0.1,0.47,0.53,,
2009,1,454266.44,512475.65,966742.1,2009-01-01,,,,,,,,,21181.0,39019.0,98540.0,74678.0,,233418.0,37776.0,271194.0,0.0,6225.0,6225.0,25176.0,3380.0,90435.0,14610.0,104988.0,,62947.0,301536.0,30342.0,28556.0,-0.63,17.01,14.68,3.56,0.11,0.47,0.53,,
2009,2,478896.43,514635.34,993531.77,2009-02-01,,,,,,,,,24077.0,44781.0,117533.0,84620.0,,271011.0,38234.0,309245.0,0.0,9604.0,9604.0,30472.0,3944.0,103550.0,16210.0,124721.0,,80486.0,359383.0,50138.0,34416.0,2.77,14.03,19.18,3.21,0.11,0.48,0.52,,
2009,3,474749.81,513623.0,988372.81,2009-03-01,,,,,,,,,27062.0,50503.0,133603.0,94818.0,,305986.0,38239.0,344225.0,0.0,13209.0,13209.0,33510.0,4442.0,117270.0,21021.0,132371.0,,81512.0,390126.0,45901.0,37952.0,-0.52,11.31,8.55,2.87,0.11,0.48,0.52,,
2009,4,497450.16,511981.59,1009431.75,2009-04-01,,,,,,,,,29813.0,57332.0,157873.0,105056.0,,350074.0,42481.0,392555.0,0.0,14659.0,14659.0,37346.0,4896.0,130300.0,21220.0,166377.0,,104985.0,465124.0,72569.0,42242.0,2.13,14.04,19.22,2.57,0.11,0.49,0.51,,
2009,5,489234.39,517929.1,1007163.49,2009-05-01,,,,,,,,,32642.0,63422.0,179117.0,115032.0,,390213.0,42227.0,432440.0,0.0,17202.0,17202.0,42089.0,6267.0,143330.0,22320.0,179494.0,,122203.0,515703.0,83263.0,48356.0,-0.22,10.16,10.87,2.33,0.11,0.49,0.51,,
2009,6,518346.15,535143.7,1053489.84,2009-06-01,,,,,,,,,36181.0,69872.0,184447.0,126854.0,,417354.0,70539.0,487893.0,0.0,18065.0,18065.0,45949.0,6109.0,155220.0,27191.0,200952.0,,160177.0,595598.0,107705.0,52058.0,4.6,12.82,15.49,2.16,0.11,0.49,0.51,,
2009,7,530400.97,532144.51,1062545.48,2009-07-01,,,,,,,,,3316.0,5848.0,11848.0,12398.0,,33410.0,4652.0,38062.0,0.0,2018.0,2018.0,4509.0,558.0,14458.0,2570.0,13300.0,,9393.0,44788.0,6726.0,5067.0,0.86,-92.2,-92.48,27.92,0.13,0.5,0.5,,
2009,8,547182.36,530075.39,1077257.75,2009-08-01,,,,,,,,,6316.0,10850.0,23514.0,23044.0,,63724.0,8547.0,72271.0,0.0,2549.0,2549.0,8834.0,826.0,28917.0,5130.0,32302.0,,21636.0,97645.0,25374.0,9660.0,1.38,89.88,118.02,14.91,0.13,0.51,0.49,,
2009,9,550613.8,524982.6,1075596.4,2009-09-01,,,,,,,,,9490.0,17273.0,45394.0,34547.0,,106704.0,19949.0,126653.0,0.0,3469.0,3469.0,13497.0,1490.0,43375.0,6880.0,56750.0,,39021.0,161013.0,34360.0,14987.0,-0.15,75.25,64.9,8.49,0.12,0.51,0.49,,
2009,10,567125.13,523899.66,1091024.79,2009-10-01,,,,,,,,,12894.0,23731.0,60443.0,44887.0,,141955.0,25355.0,167310.0,0.0,3524.0,3524.0,19631.0,1917.0,57833.0,8920.0,76508.0,,45920.0,210729.0,43419.0,21548.0,1.43,32.1,30.88,6.52,0.13,0.52,0.48,,
2009,11,562926.79,521232.48,1084159.26,2009-11-01,,,,,,,,,16492.0,29838.0,73066.0,57082.0,,176478.0,27986.0,204464.0,0.0,3524.0,3524.0,25789.0,2199.0,72291.0,12470.0,82700.0,,52297.0,247746.0,43282.0,27988.0,-0.63,22.21,17.57,5.3,0.14,0.52,0.48,,
2009,12,588970.31,588970.31,1177940.63,2009-12-01,,,,,,,,,20647.0,37301.0,97049.0,69454.0,,224451.0,32863.0,257314.0,0.0,8766.0,8766.0,31144.0,3167.0,82516.0,16110.0,101911.0,,61284.0,296132.0,38818.0,34311.0,8.65,25.85,19.53,4.58,0.13,0.5,0.5,,
2010,1,580721.47,525552.75,1106274.22,2010-01-01,,,,,,,,,24029.0,43080.0,111349.0,81309.0,,259767.0,44764.0,304531.0,0.0,9879.0,9879.0,34415.0,3623.0,101208.0,17410.0,125783.0,,91807.0,374246.0,69715.0,38038.0,-6.08,18.35,26.38,3.63,0.12,0.52,0.48,,
2010,2,607512.61,525369.18,1132881.79,2010-02-01,,,,,,,,,27012.0,48668.0,123131.0,91879.0,,290690.0,49994.0,340684.0,0.0,9978.0,9978.0,38861.0,3886.0,115666.0,20300.0,153009.0,,108304.0,440026.0,99342.0,42747.0,2.41,11.87,17.58,3.33,0.13,0.54,0.46,,
2010,3,639116.32,538157.99,1177274.31,2010-03-01,,,,,,,,,30499.0,54375.0,140282.0,104723.0,,329879.0,57810.0,387689.0,0.0,14378.0,14378.0,43440.0,4483.0,128058.0,24812.0,181097.0,,121194.0,503084.0,115395.0,47923.0,3.92,13.8,14.33,3.04,0.12,0.54,0.46,,
2010,4,653614.42,537424.84,1191039.26,2010-04-01,,,,,,,,,34017.0,60951.0,164615.0,116820.0,,376403.0,63870.0,440273.0,0.0,16301.0,16301.0,46510.0,4898.0,144583.0,24778.0,191856.0,,152487.0,565112.0,124839.0,51408.0,1.17,13.56,12.33,2.71,0.12,0.55,0.45,,
2010,5,650261.96,541976.71,1192238.67,2010-05-01,,,,,,,,,37396.0,67745.0,182052.0,128187.0,,415380.0,69823.0,485203.0,0.0,16822.0,16822.0,51923.0,5194.0,156515.0,27094.0,228185.0,,175633.0,644544.0,159341.0,57117.0,0.1,10.21,14.06,2.46,0.12,0.55,0.45,,
2010,6,660267.68,565452.0,1225719.68,2010-06-01,,,,,,,,,41372.0,74644.0,216760.0,146792.0,,479568.0,106809.0,586377.0,0.0,31190.0,31190.0,58438.0,6341.0,173499.0,28441.0,269676.0,,255398.0,791793.0,205416.0,64779.0,2.81,20.85,22.85,2.09,0.11,0.54,0.46,,
2010,7,667803.42,562941.95,1230745.37,2010-07-01,,,,,,,,,2821.0,5889.0,13219.0,11916.0,,33845.0,4694.0,38539.0,0.0,0.0,0.0,3762.0,491.0,15974.0,1950.0,13582.0,,174.0,35933.0,-2606.0,4253.0,0.41,-93.43,-95.46,31.94,0.11,0.54,0.46,,
2010,8,698047.35,566166.88,1264214.23,2010-08-01,,,,,,,,,6273.0,12065.0,27193.0,24513.0,,70044.0,12042.0,82086.0,0.0,944.0,944.0,9380.0,747.0,31948.0,4085.0,39260.0,,26364.0,111784.0,29698.0,10127.0,2.72,112.99,211.09,15.4,0.12,0.55,0.45,,
2010,9,704702.77,594223.0,1298925.77,2010-09-01,,,,,,,,,10323.0,18968.0,51972.0,38207.0,,119470.0,13399.0,132869.0,0.0,1178.0,1178.0,14487.0,1596.0,43412.0,6000.0,58227.0,,39741.0,163463.0,30594.0,16083.0,2.75,61.87,46.23,9.78,0.12,0.54,0.46,,
2010,10,696132.65,598080.46,1294213.11,2010-10-01,,,,,,,,,14402.0,25565.0,69453.0,53228.0,,162648.0,25253.0,187901.0,0.0,5185.0,5185.0,21612.0,2303.0,64881.0,8860.0,83276.0,,62550.0,243482.0,55581.0,23915.0,-0.36,41.42,48.95,6.89,0.13,0.54,0.46,,
2010,11,711448.98,599251.46,1310700.44,2010-11-01,,,,,,,,,18647.0,32331.0,84560.0,67487.0,,203025.0,33378.0,236403.0,0.0,6757.0,6757.0,27223.0,2789.0,81101.0,10650.0,102229.0,,79574.0,303566.0,67163.0,30012.0,1.27,25.81,24.68,5.54,0.13,0.54,0.46,,
2010,12,720207.97,599930.46,1320138.43,2010-12-01,,,,,,,,,22699.0,39516.0,114188.0,81576.0,,257979.0,36883.0,294862.0,0.0,8108.0,8108.0,34214.0,3634.0,98395.0,13470.0,123817.0,,83192.67,356722.67,61860.67,37848.0,0.72,24.73,17.51,4.48,0.13,0.55,0.45,,
2011,1,730197.77,615604.98,1345802.75,2011-01-01,,,,,,,,,26830.0,47177.0,130250.0,98612.0,,302869.0,47856.0,350725.0,0.0,11851.0,11851.0,36737.0,4169.0,114794.0,15110.0,149392.0,,113899.5,434101.5,83376.5,40906.0,1.94,18.95,21.69,3.84,0.12,0.54,0.46,,
2011,2,746670.28,630400.03,1377070.31,2011-02-01,,,,,,,,,29881.0,54186.0,144295.0,111427.0,,339789.0,54751.0,394540.0,0.0,14262.0,14262.0,41645.0,4429.0,131194.0,17010.0,161224.0,,133862.0,489364.0,94824.0,46074.0,2.32,12.49,12.73,3.49,0.12,0.54,0.46,,
2011,3,754048.1,642847.92,1396896.02,2011-03-01,,,,,,,,,34032.0,60879.0,164961.0,125497.0,,385369.0,61197.0,446566.0,0.0,15766.0,15766.0,49214.0,5159.0,147593.0,19310.0,188835.0,,149889.0,560000.0,113434.0,54373.0,1.44,13.19,14.43,3.13,0.12,0.54,0.46,,
2011,4,735460.06,652675.73,1388135.79,2011-04-01,,,,,,,,,37105.0,66528.0,195385.0,139887.0,,438905.0,72487.0,511392.0,0.0,14294.0,14294.0,52846.0,5159.0,165051.0,22385.0,216196.0,,168499.0,630136.0,118744.0,58005.0,-0.63,14.52,12.52,2.71,0.11,0.53,0.47,,
2011,5,746574.73,675887.12,1422461.85,2011-05-01,,,,,,,,,41112.0,73371.0,221026.0,154226.0,,489735.0,76052.0,565787.0,0.0,18993.0,18993.0,58183.0,6174.0,181556.0,23660.0,229768.0,,188257.0,687598.0,121811.0,64357.0,2.47,10.64,9.12,2.51,0.11,0.52,0.48,,
2011,6,764222.8,722888.0,1487110.8,2011-06-01,,,,,,,,,46072.0,80567.0,258651.0,171881.0,,557171.0,103593.0,660764.0,0.0,7468.0,7468.0,69209.0,6989.0,197959.0,26670.0,281696.0,,234566.0,817089.0,156325.0,76198.0,4.54,16.79,18.83,2.25,0.12,0.51,0.49,,
2011,7,781713.03,744486.6,1526199.63,2011-07-01,,,,,,,,,3248.0,5104.0,14653.0,13748.0,,36753.0,2609.0,39362.0,0.0,573.0,573.0,2737.0,567.0,18547.0,1700.0,14853.0,,5315.0,43719.0,4357.0,3304.0,2.63,-94.04,-94.65,38.77,0.08,0.51,0.49,,
2011,8,776852.6,768510.85,1545363.45,2011-08-01,,,,,,,,,7888.0,11159.0,31470.0,27934.0,,78451.0,5949.0,84400.0,0.0,1044.0,1044.0,11384.0,826.0,37094.0,3800.0,25297.0,,17480.0,95881.0,11481.0,12210.0,1.26,114.42,119.31,18.31,0.14,0.5,0.5,,
2011,9,764274.59,799834.03,1564108.62,2011-09-01,,,,,,,,,12426.0,17760.0,63008.0,42711.0,,135905.0,11147.0,147052.0,0.0,2760.0,2760.0,17366.0,1551.0,55641.0,6152.0,55765.0,,43150.0,179625.0,32573.0,18917.0,1.21,74.23,87.34,10.64,0.13,0.49,0.51,,
2011,10,794565.56,810011.6,1604577.16,2011-10-01,,,,,,,,,16356.0,22853.0,84523.0,55660.0,,179392.0,14346.0,193738.0,0.0,3232.0,3232.0,23738.0,2102.0,68345.0,8072.0,86313.0,,59731.0,248301.0,54563.0,25840.0,2.59,31.75,38.23,8.28,0.13,0.5,0.5,,
2011,11,803894.34,728645.25,1532539.59,2011-11-01,,,,,,,,,20513.0,30073.0,103651.0,70910.0,,225147.0,17992.0,243139.0,0.0,5774.0,5774.0,29467.0,2559.0,85432.0,9250.0,116977.0,,76384.0,320069.0,76930.0,32026.0,-4.49,25.5,28.9,6.3,0.13,0.52,0.48,,
2011,12,799880.06,685607.92,1485487.98,2011-12-01,,,,,,,,,25055.46,37010.85,141447.82,86160.58,,289674.72,25163.86,314838.57,0.0,7017.63,7017.63,37749.14,3454.61,108090.1,11250.0,155388.76,,114992.97,430925.57,116087.0,41203.75,-3.07,29.49,34.64,4.72,0.13,0.54,0.46,,
2012,1,809278.11,686718.48,1495996.59,2012-01-01,,,,,,,,,28584.82,44380.12,159088.7,100781.65,,332835.29,29280.7,362115.99,0.0,8653.86,8653.86,38182.22,4060.8,126105.11,13250.0,190266.43,,137335.58,509200.15,147084.16,42243.02,0.71,15.02,18.16,4.13,0.12,0.54,0.46,,
2012,2,877292.72,663050.0,1540342.72,2012-02-01,,,,,,,,,32455.0,50627.0,178098.0,114489.0,,375669.0,33908.0,409577.0,0.0,10256.0,10256.0,51178.0,4339.0,144120.0,15150.0,211248.0,,160518.0,586553.0,176976.0,55517.0,2.96,13.11,15.19,3.76,0.14,0.57,0.43,,
2012,3,887871.4,676330.0,1564201.4,2012-03-01,,,,,,,,,36587.0,57999.0,203053.0,128633.0,,426272.0,38897.0,465169.0,0.0,10568.0,10568.0,56422.0,5099.0,163974.0,18852.0,235083.0,,190752.0,670182.0,205013.0,61521.0,1.55,13.57,14.26,3.36,0.13,0.57,0.43,,
2012,4,896036.72,700900.0,1596936.72,2012-04-01,,,,,,,,,40539.0,64504.0,240871.0,142939.0,,488853.0,45589.0,534442.0,0.0,12536.0,12536.0,65007.0,5645.0,182193.0,21752.0,271219.28,,202878.0,748694.28,214252.28,70652.0,2.09,14.89,11.72,2.99,0.13,0.56,0.44,,
2012,5,889056.81,721040.0,1610096.81,2012-05-01,,,,,,,,,45558.0,71926.0,268833.0,157690.0,,544007.0,53288.0,597295.0,0.0,12966.0,12966.0,73800.0,6134.0,198756.0,23652.0,292311.28,,231574.0,826227.28,228932.28,79934.0,0.82,11.76,10.36,2.7,0.13,0.55,0.45,,
2012,6,858829.55,763971.0,1622800.55,2012-06-01,,,,,,,,,51712.0,78884.0,312463.0,183386.0,,626445.0,64287.0,690732.0,0.0,12966.0,12966.0,82339.0,8880.0,218833.0,26152.0,302865.0,,276819.0,915888.0,225156.0,91219.0,0.79,15.64,10.85,2.35,0.13,0.53,0.47,,
2012,7,872160.52,767390.0,1639550.52,2012-07-01,,,,,,,,,3973.99,5625.32,17973.38,12822.1,,40394.79,2794.57,43189.36,0.0,10.17,10.17,6815.19,698.15,21783.33,2050.0,8796.96,,9888.6,50032.24,6842.88,7513.34,1.03,-93.75,-94.54,37.96,0.17,0.53,0.47,,
2012,8,901934.27,771760.0,1673694.27,2012-08-01,,,,,,,,,8932.89,11459.2,41990.51,27186.4,,89569.0,7774.3,97343.3,,519.53,519.53,18183.87,1686.45,43566.67,3500.0,40927.12,,38321.03,146185.13,48841.83,19870.32,2.08,125.39,192.18,17.19,0.2,0.54,0.46,,
2012,9,922196.19,802457.33,1724653.52,2012-09-01,,,,,,,,,13137.73,18301.34,78106.65,41515.82,,151061.54,10942.47,162004.01,,1292.51,1292.51,25209.18,2922.52,65350.0,6350.0,68240.63,,64219.81,232292.14,70288.13,28131.7,3.04,66.43,58.9,10.65,0.17,0.53,0.47,,
2012,10,929321.62,812307.84,1741629.46,2012-10-01,,,,,,,,,18528.02,26307.61,103100.53,53056.31,,200992.47,15278.16,216270.63,,2953.08,2953.08,36129.28,3683.09,86478.25,6850.0,94623.97,,80694.52,308459.11,92188.48,39812.37,0.98,33.5,32.79,8.05,0.18,0.53,0.47,,
2012,11,958438.68,824583.12,1783021.8,2012-11-01,,,,,,,,,23488.84,33208.91,126569.48,72555.99,,255823.23,25136.18,280959.41,,4370.76,4370.76,45835.69,4462.05,108916.67,10300.0,133614.54,,99937.95,403066.9,122107.49,50297.74,2.38,29.91,30.67,6.35,0.18,0.54,0.46,,
2012,12,971265.44,821972.82,1793238.26,2012-12-01,,,,,,,,,28212.63,40532.06,168398.39,87565.62,,324708.7,34374.59,359083.29,,6282.51,6282.51,53622.58,5528.77,131149.18,12300.0,182881.04,,120930.06,506411.63,147328.34,59151.35,0.57,27.81,25.64,4.99,0.16,0.54,0.46,,
2013,1,978335.91,833609.46,1811945.37,2013-01-01,,,,,,,,,33537.28,49387.03,192826.92,105042.06,,380793.29,38783.11,419576.4,,7917.79,7917.79,59307.55,6834.88,153007.38,14130.0,205106.73,,151162.16,589548.7,169972.3,66142.43,1.04,16.85,16.42,4.32,0.16,0.54,0.46,,
2013,2,943750.18,826267.68,1770017.86,2013-02-01,,,,,,,,,37906.34,56523.11,214700.73,119699.63,,428829.82,44456.41,473286.23,,8543.24,8543.24,71512.07,7427.72,174266.67,16930.0,230903.54,,159151.43,660191.43,186905.2,78939.79,-2.31,12.8,11.98,3.74,0.17,0.53,0.47,,
2013,3,981910.93,812700.17,1794611.1,2013-03-01,,,,,,,,,42458.74,63087.89,243592.05,134455.45,,483594.14,47998.12,531592.25,,12119.61,12119.61,78929.14,8732.27,202225.07,19930.0,266599.3,,197661.2,774076.98,242484.73,87661.41,1.39,12.32,17.25,3.38,0.16,0.55,0.45,,
2013,4,1065609.39,816796.56,1882405.95,2013-04-01,,,,,,,,,47144.94,69984.26,290336.19,189157.57,,596622.96,62376.34,658999.3,,13607.5,13607.5,87699.14,9485.34,217833.33,20180.0,324804.24,,218169.51,878171.56,219172.26,97184.48,4.89,23.97,13.45,2.86,0.15,0.57,0.43,,
2013,5,1074797.69,832238.14,1907035.82,2013-05-01,,,,,,,,,52379.92,77495.66,326852.67,168795.33,,625523.58,69522.81,695046.39,,17146.13,17146.13,101275.29,10299.86,247163.97,22030.0,356700.55,,248051.61,985521.28,290474.89,111575.15,1.31,5.47,12.22,2.74,0.16,0.56,0.44,,
2013,6,1050628.57,800025.0,1850653.57,2013-06-01,,,,,,,,,61484.24,91810.07,370600.0,216000.0,,739894.32,82772.64,822666.96,,76373.33,76373.33,94513.54,11335.23,292239.0,41011.83,380551.34,,443721.01,1263371.95,440704.99,105848.77,-2.96,18.36,28.19,2.25,0.13,0.57,0.43,,
2013,7,1078604.0,875230.0,1953834.0,2013-07-01,,,,,,,,,6700.69,7947.21,25208.81,15256.69,,55113.41,3464.01,58577.41,,17.0,17.0,3315.2,504.29,22788.15,1800.0,21343.47,,175.35,49926.47,-8650.94,3819.49,5.58,-92.88,-96.05,33.35,0.07,0.55,0.45,,
2013,8,1116676.22,887560.0,2004236.22,2013-08-01,,,,,,,,,16071.3,18250.44,52563.23,34215.07,,121100.04,7022.23,128122.27,,298.97,298.97,14654.6,809.36,45388.38,4050.0,56410.42,16440.59,7281.19,145034.54,16912.27,15463.96,2.58,118.72,190.5,15.64,0.12,0.56,0.44,,
2013,9,1168115.36,889313.51,2057428.87,2013-09-01,,,,,,,,,23325.5,29001.86,98914.41,51548.7,,202790.47,10776.54,213567.01,,1623.96,1623.96,28377.45,2913.05,67292.28,6050.0,88786.62,32881.18,38125.32,264425.9,50858.89,31290.5,2.65,66.69,82.32,9.63,0.15,0.57,0.43,,
2013,10,1174782.27,887991.23,2062773.5,2013-10-01,,,,,,,,,31774.58,31870.54,131457.09,71973.5,,267075.71,21600.4,288676.11,,4636.05,4636.05,40650.43,3480.51,90376.75,8900.0,116934.15,32881.18,59077.77,352300.8,63624.69,44130.94,0.26,35.17,33.23,7.15,0.15,0.57,0.43,,
2013,11,1170053.22,912234.31,2082287.54,2013-11-01,,,,,,,,,39722.0,40835.65,159185.37,91186.85,,330929.88,33160.39,364090.26,,7891.42,7891.42,50945.13,4016.0,113720.94,11460.0,139857.1,52223.06,86160.45,458382.67,94292.41,54961.13,0.95,26.12,30.11,5.72,0.15,0.56,0.44,,
2013,12,1189182.59,922369.15,2111551.74,2013-12-01,,,,,,,,,47493.0,48050.39,210699.12,110723.24,,416965.75,43636.6,460602.35,,8368.61,8368.61,60096.26,5019.9,138165.13,13810.0,162330.28,66542.32,110801.04,556764.93,96162.58,65116.16,1.41,26.51,21.46,4.58,0.14,0.56,0.44,,
2014,1,1200901.86,920500.71,2121402.56,2014-01-01,,,,,,,,,55873.03,57044.76,239412.09,132020.4,,484350.28,54450.58,538800.86,,9298.66,9298.66,64918.71,5688.91,173395.17,16010.0,196048.64,88972.61,124805.58,669839.62,131038.76,70607.62,0.47,16.98,20.31,3.94,0.13,0.57,0.43,,
2014,2,1229416.28,937328.35,2166744.63,2014-02-01,,,,,,,,,62547.68,64686.19,264210.53,149385.25,,540829.64,46275.51,587105.15,,11580.08,11580.08,75748.55,6040.25,196831.47,18310.0,198953.81,91207.95,158805.86,745897.89,158792.74,81788.8,2.14,8.97,11.35,3.69,0.14,0.57,0.43,,
2014,3,1231183.1,940402.99,2171586.09,2014-03-01,,,,,,,,,69518.49,72451.77,298241.62,168100.46,,608312.34,73264.43,681576.77,,12723.3,12723.3,82561.9,8192.83,221249.69,20310.0,213130.47,110115.24,172084.74,827644.87,146068.1,90754.73,0.22,16.09,10.96,3.19,0.13,0.57,0.43,,
2014,4,1216759.23,950981.15,2167740.39,2014-04-01,,,,,,,,,76877.99,81085.61,351630.35,188091.81,,697685.76,81327.68,779013.44,,16734.5,16734.5,89273.47,8759.89,246032.99,22660.0,239446.78,124810.42,209478.72,940462.26,161448.82,98033.36,-0.18,14.3,13.63,2.78,0.13,0.56,0.44,,
2014,5,1232041.55,957893.23,2189934.78,2014-05-01,,,,,,,,,84511.67,90419.75,389249.19,210202.43,,774383.04,85776.82,860159.86,,20605.4,20605.4,108703.69,9479.74,270836.28,24910.0,267877.26,159907.7,237985.21,1079699.88,219540.02,118183.43,1.02,10.42,14.81,2.55,0.14,0.56,0.44,,
2014,6,1284327.25,1138505.0,2422832.25,2014-06-01,,,,,,,,,67554.64,102029.1,449590.07,232630.32,,851804.13,117358.03,969162.15,,25272.96,25272.96,119193.05,14934.32,288471.47,31210.0,342684.21,193389.86,291279.92,1281162.82,312000.67,134127.37,10.63,12.67,18.66,2.5,0.14,0.53,0.47,,
2014,7,1296444.73,1089655.77,2386100.5,2014-07-01,,,,,,,,,4564.12,7614.58,31331.13,17885.28,,61395.11,28335.1,89730.22,,527.23,527.23,4509.05,462.68,25000.0,1800.0,15358.76,0.0,2459.6,49590.08,-40140.14,4971.73,-1.52,-90.74,-96.13,26.59,0.06,0.54,0.46,,
2014,8,1281093.66,1090984.32,2372077.98,2014-08-01,,,,,,,,,10180.3,14893.93,62134.53,37505.22,,124713.98,42866.19,167580.17,,581.8,581.8,18657.0,1051.22,50010.0,3945.98,55456.43,0.0,11949.15,141069.79,-26510.38,19708.22,-0.59,86.76,184.47,14.15,0.12,0.54,0.46,,
2014,9,1260874.56,1087827.67,2348702.23,2014-09-01,,,,,,,,,16632.95,24672.98,116250.03,58708.19,,216264.15,45236.81,261500.96,,3377.15,3377.15,34672.73,3848.46,75030.0,6915.98,98484.71,9064.02,33099.67,261115.56,-385.4,38521.19,-0.99,56.05,85.1,8.98,0.15,0.54,0.46,,
2014,10,1254913.42,1088832.15,2343745.57,2014-10-01,,,,,,,,,22465.82,37500.36,150355.81,80398.18,,290720.16,61552.46,352272.63,,6010.81,6010.81,39569.1,4179.79,91492.45,9735.98,104572.59,50721.92,73235.79,373507.61,21234.98,43748.89,-0.21,34.71,43.04,6.65,0.12,0.54,0.46,,
2014,11,1303363.31,1088951.54,2392314.85,2014-11-01,,,,,,,,,28171.97,47378.45,180321.15,101526.79,,357398.36,58731.83,416130.19,,6664.25,6664.25,51230.69,5164.95,114365.56,12495.98,119190.9,69908.34,117740.19,490096.6,73966.41,56395.64,2.07,18.13,31.21,5.75,0.14,0.54,0.46,,
2014,12,1307748.71,1170696.28,2478444.99,2014-12-01,,,,,,,,,35091.52,56506.12,239201.93,122887.72,,453687.29,83078.31,536765.6,,7826.84,7826.84,56110.24,11375.15,150000.0,15995.98,150371.38,83616.28,146495.56,613964.59,77198.99,67485.39,3.6,28.99,25.27,4.62,0.13,0.53,0.47,,
2015,1,1334642.8,1163350.79,2497993.59,2015-01-01,,,,,,,,,41881.56,66833.18,272458.24,147619.96,29417.87,558210.8,52845.54,611056.34,0.0,11204.86,11204.86,61630.83,12806.62,165150.91,19246.98,200895.08,108244.08,196861.21,764835.72,153779.38,74437.45,0.79,13.84,24.57,4.09,0.12,0.53,0.47,,
2015,2,1353302.65,1296748.46,2650051.11,2015-02-01,,,,,,,,,47363.61,74536.93,303065.92,166771.33,35951.14,627688.93,65098.74,692787.67,,15158.17,15158.17,72382.34,18914.55,188743.9,20446.98,235488.12,115321.81,212885.93,864183.63,171395.96,91296.89,6.09,13.38,12.99,3.83,0.13,0.51,0.49,,
2015,3,1397125.72,1278107.87,2675233.59,2015-03-01,,,,,,,,,53241.66,83762.29,342207.38,187640.07,32219.03,699070.44,65496.89,764567.34,,19123.61,19123.61,85699.5,21303.29,225000.0,25946.98,261707.44,138064.92,375413.07,1133135.19,368567.85,107002.79,0.95,10.36,31.12,3.5,0.14,0.52,0.48,,
2015,4,1415431.51,1326835.19,2742266.71,2015-04-01,,,,,,,,,59201.65,94354.32,398095.05,210855.39,39628.18,802134.59,76263.71,878398.29,,23419.63,23419.63,97735.57,21303.29,250000.0,30046.98,293817.1,172338.06,399083.81,1264324.81,385926.52,119038.86,2.51,14.89,11.58,3.12,0.14,0.52,0.48,,
2015,5,1407811.19,1381156.98,2788968.18,2015-05-01,,,,,,,,,65320.78,104866.07,442489.54,233154.99,35200.43,881031.81,77734.03,958765.84,,23531.13,23531.13,109786.1,21309.01,232817.94,33081.98,350025.36,180538.26,420084.15,1347642.8,388876.96,131095.11,1.7,9.15,6.59,2.91,0.14,0.5,0.5,,
2015,6,1420444.38,1423253.0,2843697.38,2015-06-01,,,,,,,,,74047.72,115871.72,508580.9,259685.2,39039.89,997225.43,85936.47,1083161.9,,27383.85,27383.85,139727.92,29289.05,297978.48,38231.98,359020.53,229336.24,511822.12,1605406.32,522244.42,169016.97,1.96,12.97,19.13,2.63,0.16,0.5,0.5,,
2015,7,1418568.23,1473143.7,2891711.93,2015-07-01,,,,,,,,,5853.47,9415.75,36489.51,21897.56,3464.09,77120.38,4087.26,81207.63,,61.0,61.0,6722.04,1973.01,27793.89,200.0,15138.25,0.0,5155.94,56983.12,-24224.51,8695.05,1.69,-92.5,-96.45,35.61,0.11,0.49,0.51,,
2015,8,1403100.2,1530678.61,2933778.82,2015-08-01,,,,,,,,,12675.89,19812.26,69280.2,44333.76,7318.48,153420.59,8770.25,162190.83,,2975.94,2975.94,19393.26,2454.2,55587.78,3100.0,16553.28,11834.57,29772.57,138695.66,-23495.17,21847.46,1.45,99.72,143.4,18.09,0.13,0.48,0.52,,
2015,9,1388262.31,1550232.74,2938495.05,2015-09-01,,,,,,,,,19422.32,30103.86,126753.69,69408.95,10935.47,256624.3,20369.81,276994.11,,5493.79,5493.79,37395.18,5635.86,52089.78,10400.0,76074.54,31387.6,41218.7,254201.66,-22792.45,43031.04,0.16,70.78,83.28,10.61,0.16,0.47,0.53,,
2015,10,1454245.39,1490713.76,2944959.15,2015-10-01,,,,,,,,,26230.62,41110.6,162202.78,91824.89,15584.2,336953.08,28530.6,365483.68,,6494.63,6494.63,51557.36,5635.86,52092.78,14400.0,161362.77,54151.57,57472.47,396672.81,31189.13,57193.22,0.22,31.95,56.05,8.06,0.16,0.49,0.51,,
2015,11,1516373.47,1562515.56,3078889.04,2015-11-01,,,,,,,,,32733.88,51809.44,197436.72,115132.81,18982.72,416095.56,35190.16,451285.72,,8252.1,8252.1,67275.85,5990.23,97226.1,19055.0,179848.1,78767.0,159564.86,607727.13,156441.41,73266.08,4.55,23.48,53.21,6.82,0.16,0.49,0.51,,
2015,12,1540017.0,1615184.2,3155201.2,2015-12-01,,,,,,,,,39170.0,64705.0,262184.0,138036.0,21945.0,526040.0,49200.0,575240.0,,9243.0,9243.0,85715.0,15067.0,148714.77,23468.0,203997.23,99191.0,193030.0,769183.0,193943.0,100782.0,2.48,27.47,26.57,5.49,0.18,0.49,0.51,,
2016,1,1522769.88,1654744.49,3177514.38,2016-01-01,,,,,,,,,46501.24,77032.83,297878.07,163068.66,24759.51,609240.3,61700.2,670940.5,,20825.6,20825.6,92686.07,17374.18,194557.22,27053.7,218855.0,114192.75,224147.67,888866.61,217926.11,110060.25,0.71,16.64,15.56,4.74,0.16,0.48,0.52,,
2016,2,1605227.98,1646555.21,3251783.19,2016-02-01,,,,,,,,,47212.86,77666.68,299514.61,164755.34,25375.53,614525.01,66352.92,680877.93,,24248.77,24248.77,105146.71,17937.31,222351.11,27053.7,194337.48,114659.52,246270.44,927756.27,246878.34,123084.02,2.34,1.48,4.38,4.78,0.18,0.49,0.51,,
2016,3,1646527.48,1665578.04,3312105.52,2016-03-01,,,,,,,,,57792.86,99129.09,379544.0,209242.65,30167.5,775876.09,76503.81,852379.9,,24491.23,24491.23,122586.88,19403.84,250145.0,35243.53,283424.12,161598.08,297263.12,1169664.57,317284.67,141990.72,1.86,25.19,26.07,3.89,0.17,0.5,0.5,,
2016,4,1689039.25,1685269.16,3374308.41,2016-04-01,,,,,,,,,64271.46,111517.06,445127.85,234226.41,32973.57,888116.35,85145.59,973261.94,,26075.67,26075.67,137820.73,20253.97,277938.89,42278.43,323418.54,199384.77,337847.99,1338943.32,365681.38,158074.7,1.88,14.18,14.47,3.47,0.16,0.5,0.5,,
2016,5,1750326.78,1680631.83,3430958.61,2016-05-01,,,,,,,,,71582.14,125956.96,497253.66,260671.9,36055.39,991520.04,93345.49,1084865.54,,26480.0,26480.0,153792.91,21524.14,305732.78,47892.93,371506.65,227231.69,363870.47,1491551.56,406686.02,175317.05,1.68,11.47,11.4,3.16,0.16,0.51,0.49,,
2016,6,1815470.5,1796198.0,3611668.5,2016-06-01,,,,,,,,,79187.93,139540.34,564475.21,289213.47,39567.66,1111984.62,110030.12,1222014.74,,28005.46,28005.46,172857.04,30510.02,307421.4,54396.43,463943.67,264038.64,483601.22,1776768.41,554753.67,203367.06,5.27,12.64,19.12,2.96,0.17,0.5,0.5,,
2016,7,1808641.64,1797696.38,3606338.02,2016-07-01,,,,,,,,,6136.02,13555.24,35269.49,23775.81,2316.11,81052.67,7641.07,88693.74,0.0,0.0,0.0,8643.42,7030.99,30064.68,2603.5,13471.98,0.0,1579.67,63394.25,-25299.49,15674.41,-0.15,-92.74,-96.43,40.66,0.18,0.5,0.5,,
2016,8,1815930.73,1803260.48,3619191.22,2016-08-01,,,,,,,,,12797.55,27205.48,80325.68,52696.55,5174.61,178199.87,18588.96,196788.82,0.0,25.93,25.93,26556.32,7774.3,45635.66,7504.5,68661.95,29493.98,6147.45,191774.15,-5014.67,34330.62,0.36,121.87,202.51,18.39,0.17,0.5,0.5,,
2016,9,1854554.56,1849019.87,3703574.43,2016-09-01,,,,,,,,,19968.63,40427.17,140855.0,79648.06,8130.3,289029.16,27140.39,316169.54,0.0,1422.36,1422.36,36110.38,9422.97,75100.0,14533.6,107164.45,55346.51,81751.51,379429.41,63259.87,45533.35,2.33,60.66,97.85,11.71,0.14,0.5,0.5,,
2016,10,1872102.82,1844474.95,3716577.78,2016-10-01,,,,,,,,,25843.57,52977.15,177381.82,100833.15,10375.4,367411.09,37880.27,405291.36,0.0,2166.85,2166.85,59154.68,10676.13,120258.74,16471.9,123383.58,68270.92,130708.58,528924.53,123633.17,69830.81,0.35,28.19,39.4,9.17,0.17,0.5,0.5,,
2016,11,1918656.99,1834914.33,3753571.32,2016-11-01,,,,,,,,,32551.39,60350.37,222639.68,126909.84,12147.12,454598.41,58135.1,512733.51,0.0,7358.18,7358.18,76925.2,14818.71,150323.42,21454.3,161250.65,95596.66,225436.67,745805.61,233072.1,91743.91,1.0,26.51,41.0,7.32,0.18,0.51,0.49,,
2016,12,1930855.01,1896443.05,3827298.06,2016-12-01,,,,,,,,,42883.21,81664.37,289274.61,160535.77,16812.6,591170.56,78164.53,669335.1,0.0,6424.71,6424.71,100088.42,25447.95,180388.11,30244.55,200386.49,116252.25,251622.97,904430.74,235095.64,125536.37,1.96,30.54,21.27,5.72,0.19,0.5,0.5,,
2017,1,1894094.99,1992795.15,3886890.14,2017-01-01,,,,,,,,,50841.52,95811.63,330139.6,190043.66,19403.28,686239.69,86454.94,772694.63,0.0,12950.39,12950.39,110412.62,34805.51,210452.79,32461.55,222037.64,139309.49,333425.71,1082905.32,310210.69,145218.13,1.56,15.44,19.73,5.03,0.19,0.49,0.51,,
2017,2,1901820.24,1993173.8,3894994.04,2017-02-01,,,,,,,,,58615.39,109381.19,364994.08,217776.7,22381.9,773149.26,96571.69,869720.96,0.0,14157.63,14157.63,125425.29,35589.51,240517.47,38696.55,268772.4,152669.15,379645.43,1241315.8,371594.84,161014.8,0.21,12.56,14.63,4.48,0.19,0.49,0.51,,
2017,3,1944953.4,2159068.94,4104022.34,2017-03-01,,,,,,,,,65804.0,121568.0,412034.0,246084.0,25118.91,870608.88,104098.73,974707.6,0.0,20479.18,20479.18,145791.96,37279.89,270582.16,41911.25,312942.75,185231.18,441360.14,1435099.32,460391.72,183071.85,5.37,12.07,15.61,4.21,0.19,0.47,0.53,,
2017,4,1979865.65,2167254.83,4147120.48,2017-04-01,,,,,,,,,72638.0,134666.0,482910.0,274169.0,27613.71,991996.2,114131.87,1106128.07,0.0,22328.55,22328.55,164125.52,38508.27,300646.84,50723.75,362333.43,210183.27,530711.28,1657232.35,551104.28,202633.79,1.05,13.48,15.48,3.75,0.18,0.48,0.52,,
2017,5,2045471.63,2187224.33,4232695.96,2017-05-01,,,,,,,,,81319.0,149102.0,547507.0,305994.0,30553.97,1114477.06,136770.48,1251247.54,0.0,20699.32,20699.32,188577.71,44322.0,307424.52,52520.75,454556.12,245501.35,559397.12,1852299.55,601052.01,232899.71,2.06,13.12,11.77,3.38,0.19,0.48,0.52,,
2017,6,2111710.44,2294153.0,4405863.44,2017-06-01,,,,,,,,,89943.0,165474.0,625050.0,339034.0,33961.29,1253462.72,143637.53,1397100.24,0.0,26662.63,26662.63,212865.24,53520.42,360776.21,62393.35,529457.24,284708.46,660000.9,2163721.81,766621.57,266385.66,4.09,11.66,16.81,3.15,0.19,0.48,0.52,,
2017,7,2123788.59,2305538.33,4429326.92,2017-07-01,,,,,,,,,6624.0,13248.0,37256.0,27199.0,3456.52,87783.34,7628.51,95411.85,0.0,81.18,81.18,11708.84,7102.48,32604.92,250.0,17821.82,8793.58,5748.51,84030.16,-11381.69,18811.32,0.53,-93.17,-96.12,46.42,0.2,0.48,0.52,,
2017,8,2135933.94,2309775.39,4445709.33,2017-08-01,,,,,,,,,13196.0,27163.0,81718.0,58888.0,6801.16,187765.67,16260.38,204026.05,0.0,1687.81,1687.81,29524.29,7763.86,65209.83,7545.8,77352.63,17901.08,24275.43,229572.92,25546.87,37288.15,0.37,113.84,173.2,21.79,0.18,0.48,0.52,,
2017,9,2172835.14,2310198.99,4483034.13,2017-09-01,,,,,,,,,20974.02,40328.01,157245.35,86381.64,12487.23,317416.26,27461.49,344877.75,0.0,6265.57,6265.57,49871.41,12246.58,97814.75,10222.32,127052.54,20434.08,57713.23,375354.92,30477.17,62117.99,0.84,69.04,63.5,13.0,0.18,0.48,0.52,,
2017,10,2188509.46,2353124.93,4541634.39,2017-10-01,,,,,,,,,27600.58,47824.45,202707.16,111987.92,15090.93,405211.04,38846.96,444057.99,0.0,4669.56,4669.56,70241.95,19427.91,122003.94,16315.17,163187.77,35371.29,121796.38,548344.41,104286.42,89669.86,1.31,28.76,46.09,10.23,0.2,0.48,0.52,,
2017,11,2228429.02,2357226.48,4585655.5,2017-11-01,,,,,,,,,40873.87,62635.27,245488.49,141632.51,18070.28,508700.42,49694.48,558394.9,0.0,9922.55,9922.55,89408.82,25130.6,163024.58,22170.2,210492.1,65452.7,143302.51,718981.5,160586.6,114539.42,0.97,25.75,31.12,8.21,0.21,0.49,0.51,,
2017,12,2220345.35,2349284.44,4569629.79,2017-12-01,,,,,,,,,47530.09,75181.78,319672.4,167298.73,20684.77,630367.76,75856.93,706224.7,0.0,14791.91,14791.91,114630.26,41279.05,195629.5,27908.41,255069.38,84670.93,209797.72,928985.25,222760.55,155909.31,-0.35,26.47,29.21,6.47,0.22,0.49,0.51,,
2018,1,2247295.02,2377522.47,4624817.49,2018-01-01,,,,,,,,,58181.17,92484.76,377219.09,203206.59,24123.83,755215.44,85403.57,840619.01,0.0,16305.04,16305.04,125890.99,50339.41,228234.42,31735.91,323470.58,107516.24,209851.17,1077038.72,236419.71,176230.4,1.21,19.03,15.94,5.5,0.21,0.49,0.51,,
2018,2,2338213.71,2563074.05,4901287.76,2018-02-01,,,,,,,,,64929.02,104706.34,409145.24,230545.42,26693.42,836019.44,97470.07,933489.51,0.0,19119.12,19119.12,140772.99,51063.26,260839.33,37515.91,366306.5,126943.93,277073.94,1260515.87,327026.36,191836.25,5.98,11.05,17.04,5.25,0.21,0.48,0.52,,
2018,3,2371650.53,2512430.94,4884081.46,2018-03-01,,,,,,,,,72871.8,117481.1,460769.05,258547.99,29679.08,939349.02,108426.72,1047775.73,0.0,23306.91,23306.91,164585.41,55594.79,293444.25,47038.94,412395.95,174517.77,341079.36,1488656.48,440880.75,220180.2,-0.35,12.24,18.1,4.66,0.21,0.49,0.51,,
2018,4,2415234.64,2562178.53,4977413.17,2018-04-01,,,,,,,,,80419.6,132194.82,521794.73,289816.5,32573.42,1056799.05,118363.16,1175162.22,0.0,23695.88,23695.88,189922.8,62785.04,326049.17,52750.94,456177.42,193060.77,366067.3,1646813.43,471651.21,252707.84,1.91,12.16,10.62,4.24,0.22,0.49,0.51,,
2018,5,2447575.21,2573126.23,5020701.44,2018-05-01,,,,,,,,,89169.0,146330.0,576431.0,322619.0,35722.0,1170271.0,137446.0,1307717.0,0.0,25660.33,25660.33,214077.0,66456.0,358654.0,54667.0,509229.0,239787.59,392982.33,1835852.92,528135.92,280533.0,0.87,11.28,11.48,3.84,0.21,0.49,0.51,,
2018,6,2478835.09,2568398.7,5047233.79,2018-06-01,,,,,,,,,99214.64,162483.84,640593.35,356855.92,52544.53,1311692.29,175534.78,1487227.07,0.0,27600.14,27600.14,239469.9,84420.24,383950.92,65098.55,546646.23,306200.0,485673.05,2111458.89,624231.82,323890.14,0.53,13.73,15.01,3.39,0.22,0.49,0.51,,
2018,7,2513046.5,2601071.15,5114117.65,2018-07-01,,,,,,,,,8299.47,15926.33,41767.33,29938.05,2851.73,98782.92,11372.6,110155.52,0.0,0.0,0.0,17311.96,10462.31,37013.08,3300.0,21385.15,0.0,2203.7,91676.2,-18479.32,27774.27,1.33,-92.59,-95.66,46.43,0.25,0.49,0.51,,
2018,8,2493706.78,2611403.1,5105109.88,2018-08-01,,,,,,,,,18175.29,29284.38,89560.42,61801.53,6313.06,205134.67,21971.66,227106.33,0.0,1496.27,1496.27,34002.41,19076.9,74026.16,7693.4,78029.49,4031.94,36083.0,252943.3,25836.97,53079.31,-0.18,106.17,175.91,22.48,0.23,0.49,0.51,,
2018,9,2540833.73,2605334.58,5146168.32,2018-09-01,,,,,,,,,25760.0,42794.94,159111.93,92640.15,9030.36,329337.39,36657.46,365994.85,0.0,3578.05,3578.05,61118.92,22979.46,94978.24,13122.27,153174.35,23532.37,83554.65,452460.26,86465.41,84098.38,0.8,61.16,78.88,14.06,0.23,0.49,0.51,,
2018,10,2535751.88,2654689.44,5190441.33,2018-10-01,,,,,,,,,36065.65,57723.99,207365.43,126600.98,12180.14,439936.2,49866.56,489802.76,0.0,6428.35,6428.35,82890.1,32384.41,148052.32,18277.13,163261.19,44704.47,130301.04,619870.64,130067.88,115274.51,0.86,33.83,37.0,10.6,0.24,0.49,0.51,,
2018,11,2563418.63,2709008.39,5272427.03,2018-11-01,,,,,,,,,44789.97,75580.15,255084.63,165202.67,15108.29,555765.71,63241.22,619006.93,0.0,8187.2,8187.2,105505.46,32384.41,185065.4,22931.43,196780.38,74491.27,234868.88,852027.23,233020.3,137889.87,1.58,26.38,37.45,8.52,0.22,0.49,0.51,,
2018,12,2548768.78,2723734.27,5272503.04,2018-12-01,,,,,,,,,51700.53,91722.6,325542.98,193850.87,17938.83,680755.82,113896.88,794652.7,0.0,8828.68,8828.68,131525.06,46099.34,201615.88,38171.51,226492.9,119674.39,311881.76,1075460.83,280808.13,177624.4,0.0,28.38,26.22,6.63,0.22,0.48,0.52,,
2019,1,2604189.4,2729478.57,5333667.97,2019-01-01,,,,,,,,,61152.3,110267.21,380397.7,232443.62,21111.56,805372.39,119434.61,924806.99,0.0,9441.75,9441.75,146765.11,52475.36,247958.59,37392.6,328206.56,150258.12,328606.66,1291662.99,366856.0,199240.47,1.16,16.38,20.1,5.77,0.22,0.49,0.51,,
2019,2,2690972.03,2707287.17,5398259.2,2019-02-01,,,,,,,,,69878.85,125589.56,413265.04,266930.24,24235.65,899899.33,132923.13,1032822.47,0.0,12302.83,12302.83,165625.12,61122.26,283381.24,43884.83,370300.99,177310.95,364473.94,1466099.34,433276.87,226747.38,1.21,11.68,13.5,5.23,0.22,0.5,0.5,,
2019,3,2702933.27,2721597.46,5424530.74,2019-03-01,,,,,,,,,78822.39,142176.47,470096.9,300146.28,27270.74,1018512.77,138675.47,1157188.24,0.0,16833.93,16833.93,193339.39,80049.95,318062.94,50727.02,411663.62,205630.1,384915.87,1644388.9,487200.66,273389.34,0.49,12.04,12.16,4.69,0.24,0.5,0.5,,
2019,4,2740905.64,2842481.02,5583386.66,2019-04-01,,,,,,,,,86713.27,158215.31,545054.29,334976.24,30356.9,1155316.0,178542.83,1333858.84,0.0,18935.68,18935.68,220088.71,86272.48,354226.55,55603.02,486995.68,234285.21,419126.89,1856598.54,522739.7,306361.19,2.93,15.27,12.91,4.19,0.23,0.49,0.51,,
2019,5,2772613.71,2834844.04,5607457.75,2019-05-01,,,,,,,,,97254.24,178437.09,605288.27,374348.21,33927.62,1289255.43,204446.66,1493702.09,0.0,20385.3,20385.3,245956.0,90450.5,389649.21,60238.77,542752.0,263350.6,477427.07,2069824.16,576122.07,336406.5,0.43,11.98,11.48,3.75,0.23,0.49,0.51,,
2019,6,2785483.13,3023139.47,5808622.6,2019-06-01,,,,,,,,,107701.83,196588.32,685389.32,413186.11,37347.15,1440212.73,204460.59,1644673.32,0.0,30348.22,30348.22,264832.38,103717.57,427952.7,84605.29,618893.64,360331.82,529195.34,2389528.74,744855.42,368549.95,3.59,10.11,15.45,3.53,0.22,0.48,0.52,,
2019,7,2843666.89,3160057.46,6003724.35,2019-07-01,,,,,,,,,7548.54,16332.54,45844.81,34260.92,3117.88,107104.69,10029.78,117134.48,0.0,0.0,0.0,28746.2,15116.62,38340.03,3146.93,22892.73,0.0,4732.15,112974.66,-4159.82,43862.82,3.36,-92.88,-95.27,51.25,0.37,0.47,0.53,,
2019,8,2875502.65,3133543.34,6009045.99,2019-08-01,,,,,,,,,16184.87,31622.55,95220.91,68882.27,6987.45,218898.04,18454.59,237352.63,0.0,2920.17,2920.17,50369.8,25533.56,76680.05,6534.93,78731.26,0.0,17036.42,254886.03,17533.39,75903.37,0.09,102.63,125.61,25.32,0.32,0.48,0.52,,
2019,9,2851639.21,3111767.28,5963406.49,2019-09-01,,,,,,,,,25729.01,49724.62,180720.61,105779.25,9498.32,371451.81,49707.05,421158.86,0.0,2802.21,2802.21,76250.01,34162.86,109719.47,26258.58,144792.35,57542.09,95900.48,544625.84,123466.98,110412.86,-0.76,77.44,113.67,14.16,0.26,0.48,0.52,,
2019,10,2897141.36,3127601.25,6024742.62,2019-10-01,,,,,,,,,34223.83,67636.31,241041.92,140451.34,13889.92,497243.32,61975.93,559219.24,0.0,8471.88,8471.88,97810.97,40481.86,153360.1,29058.57,182551.88,69431.12,129884.0,702578.49,143359.25,138292.83,1.03,32.78,29.0,10.77,0.25,0.48,0.52,,
2019,11,2917362.28,3114959.69,6032321.98,2019-11-01,,,,,,,,,42860.32,85839.67,285276.9,178096.85,18481.38,610555.13,122659.04,733214.17,0.0,9619.96,9619.96,126431.71,52404.39,191700.13,33128.05,232030.93,87705.71,183616.82,907017.75,173803.58,178836.1,0.13,31.11,29.1,8.23,0.24,0.48,0.52,,
2019,12,2942103.54,3106822.96,6048926.5,2019-12-01,,,,,,,,,51551.24,103376.53,367428.8,211544.04,22748.21,756648.81,173725.32,930374.13,0.0,10147.4,10147.4,147163.92,61511.54,225709.12,50197.38,343164.88,122208.69,268145.19,1218100.72,287726.59,208675.46,0.28,26.89,34.3,6.5,0.22,0.49,0.51,,
2020,1,3003700.3,3112897.95,6116598.25,2020-01-01,,,,,,,,,61780.12,123635.9,416731.41,245673.5,26717.99,874538.92,186959.48,1061498.41,0.0,13535.79,13535.79,171465.88,76608.23,268380.18,53478.74,371298.42,160472.33,335160.32,1436864.09,375365.68,248074.11,1.12,14.09,17.96,5.76,0.23,0.49,0.51,,
2020,2,3040964.55,3117038.57,6158003.12,2020-02-01,,,,,,,,,69754.35,140036.11,456389.84,275438.73,30446.91,972065.94,203769.69,1175835.64,0.0,14050.32,14050.32,195971.55,86770.91,306720.21,59773.64,415694.59,188941.36,360573.37,1614445.64,438610.0,282742.47,0.68,10.77,12.36,5.24,0.24,0.49,0.51,,
2020,3,3070189.37,3212634.23,6282823.6,2020-03-01,,,,,,,,,76931.1,159490.83,519713.8,305657.45,34452.1,1096245.28,235945.56,1332190.84,0.0,13576.7,13576.7,223268.62,94548.35,331864.33,74145.72,457670.28,214784.82,471960.05,1868242.16,536051.32,317816.97,2.03,13.3,15.72,4.72,0.24,0.49,0.51,,
2020,4,3119415.8,3317330.98,6436746.77,2020-04-01,,,,,,,,,83099.57,171019.37,591244.4,332238.94,36953.79,1214556.07,253832.27,1468388.33,0.0,13400.44,13400.44,255057.0,100598.72,380117.02,74502.08,487019.89,246871.31,426550.35,1970716.38,502328.05,355655.72,2.45,10.22,5.49,4.38,0.24,0.48,0.52,,
2020,5,3153143.94,3496428.84,6649572.77,2020-05-01,,,,,,,,,89247.52,182082.3,638961.59,354433.23,39534.86,1304259.51,279172.83,1583432.34,0.0,18155.62,18155.62,285611.09,112453.32,421740.29,76250.58,549377.55,263090.41,470374.76,2178898.0,595465.66,398064.41,3.31,7.83,10.56,4.2,0.25,0.47,0.53,,
2020,6,3178421.28,3515812.0,6694233.28,2020-06-01,,,,,,,,,98022.24,195269.83,706936.33,383713.19,43565.99,1427507.57,306123.54,1733631.11,0.0,19819.74,19819.74,315361.94,121840.09,449926.95,89605.48,668487.32,325278.06,594943.67,2565443.5,831812.39,437202.03,0.67,9.49,17.74,3.86,0.25,0.47,0.53,,
2020,7,3273551.44,3638506.49,6912057.93,2020-07-01,,,,,,,,,6683.23,15053.82,42988.55,26185.46,3515.22,94426.29,10828.11,105254.4,0.0,0.0,0.0,27700.76,15028.67,26361.12,3967.47,15657.36,908.0,4583.72,94207.11,-11047.29,42729.43,3.25,-93.93,-96.33,65.67,0.41,0.47,0.53,,
2020,8,3402500.73,3666321.29,7068822.02,2020-08-01,,,,,,,,,14350.76,30997.94,80632.66,53574.92,7690.07,187246.35,24612.94,211859.29,0.0,1375.58,1375.58,56781.03,30339.04,75222.24,13578.93,75706.24,28021.59,54222.45,333871.53,122012.24,87120.07,2.27,101.28,254.4,33.37,0.41,0.48,0.52,,
2020,9,3457106.5,3663491.22,7120597.72,2020-09-01,,,,,,,,,23167.29,47353.83,151247.84,83062.41,11942.8,316774.16,61903.49,378677.65,0.0,3915.3,3915.3,81168.51,34133.52,118569.54,26189.1,99429.98,28838.87,122057.28,510386.78,131709.13,115302.02,0.73,78.74,52.87,18.8,0.3,0.49,0.51,,
2020,10,3457644.63,3705644.24,7163288.87,2020-10-01,,,,,,,,,32069.86,64454.46,198206.83,114144.82,16415.95,425291.92,80019.21,505311.13,0.0,4404.75,4404.75,115684.66,38127.69,165444.48,30374.89,152909.8,81896.04,137306.86,721744.43,216433.29,153812.36,0.6,33.44,41.41,14.18,0.3,0.48,0.52,,
2020,11,3482653.56,3771808.47,7254462.03,2020-11-01,,,,,,,,,40658.46,83485.4,234072.85,144756.78,20541.68,523515.17,100668.34,624183.51,0.0,5799.93,5799.93,154618.9,51705.88,206805.6,32159.62,192503.24,108035.71,185611.92,931440.88,307257.37,206324.79,1.27,23.52,29.05,11.62,0.33,0.48,0.52,,
2020,12,3488541.18,3793285.24,7281826.42,2020-12-01,,,,,,,,,51799.2,102779.39,309238.56,179072.52,25803.32,668693.0,141859.03,810552.03,0.0,8500.41,8500.41,186745.86,61063.53,238207.12,53821.3,283538.03,128690.83,262777.56,1214844.23,404292.2,247809.39,0.38,29.86,30.43,8.98,0.31,0.48,0.52,,
2021,1,3532561.52,3819699.66,7352261.18,2021-01-01,,,,,,,,,59921.31,123051.77,350582.73,215787.1,29926.9,779269.81,157774.19,937044.0,0.0,11101.85,11101.85,218187.74,62842.32,289527.84,49686.81,315658.61,164402.44,246798.4,1347104.16,410060.16,281030.05,0.97,15.61,10.89,7.85,0.3,0.48,0.52,,
2021,2,3531182.93,3814288.77,7345471.7,2021-02-01,,,,,,,,,69449.33,144351.74,398371.1,253257.22,34919.0,900348.39,179213.58,1079561.97,0.0,13964.59,13964.59,255863.19,70258.32,330888.96,55414.77,352309.16,186868.36,275516.43,1527119.18,447557.21,326121.51,-0.09,15.21,13.36,6.8,0.3,0.48,0.52,,
2021,3,3569840.57,3769866.74,7339707.31,2021-03-01,,,,,,,,,80135.26,162057.07,455286.67,292229.14,40778.59,1030486.73,214799.76,1245286.49,0.0,18350.9,18350.9,286105.51,80182.54,352074.83,82672.03,439828.85,209870.65,369948.03,1820682.42,575395.93,366288.04,-0.08,15.35,19.22,5.89,0.29,0.49,0.51,,
2021,4,3632914.8,3778131.44,7411046.24,2021-04-01,,,,,,,,,89066.21,180647.12,542106.35,330642.77,45710.75,1188173.2,235645.92,1423819.11,0.0,26161.84,26161.84,318487.95,82974.49,406696.0,76360.38,502621.42,249046.12,399474.94,2035661.3,611842.19,401462.44,0.97,14.34,11.81,5.21,0.28,0.49,0.51,,
2021,5,3686891.72,3799018.81,7485910.53,2021-05-01,,,,,,,,,97724.63,197061.76,597548.68,368273.99,49867.98,1310477.04,247710.96,1558188.0,0.0,28733.72,28733.72,360115.34,97363.63,448773.68,78672.79,546862.38,273527.46,436793.44,2242108.73,683920.73,457478.97,1.01,9.44,10.14,4.8,0.29,0.49,0.51,,
2021,6,3697093.18,3999542.0,7696635.18,2021-06-01,,,,,,,,,108375.17,216324.92,694052.52,410758.4,55248.68,1484759.69,253624.94,1738384.62,0.0,36888.06,36888.06,388829.56,106312.32,493913.58,112975.41,664925.97,390809.46,548531.25,2706297.55,967912.93,495141.88,2.81,11.56,20.7,4.43,0.28,0.48,0.52,,
2021,7,3792146.89,4020629.3,7812776.19,2021-07-01,,,,,,,,,7647.33,16566.56,55001.25,38101.07,4371.65,121687.85,13323.51,135011.36,0.0,0.0,0.0,38980.53,11778.0,40956.15,4564.07,41175.75,967.41,6252.01,144673.92,9662.56,50758.53,1.51,-92.23,-94.65,57.87,0.38,0.49,0.51,,
2021,8,3864875.78,4054862.85,7919738.63,2021-08-01,,,,,,,,,16837.17,37027.68,104859.21,78375.26,9775.77,246875.08,30038.43,276913.52,0.0,135.0,135.0,74051.2,26862.78,87685.37,12902.11,93776.59,31462.42,52459.22,379199.69,102286.17,100913.98,1.37,105.1,162.11,28.6,0.36,0.49,0.51,,
2021,9,3937777.45,4062504.78,8000282.23,2021-09-01,,,,,,,,,27067.52,58428.19,195471.58,120378.39,15020.01,416365.68,89936.03,506301.71,0.0,6655.42,6655.42,101141.51,30018.59,126543.56,27663.48,168292.87,61050.0,116952.0,631662.02,125360.32,131160.1,1.02,82.84,66.58,15.8,0.26,0.49,0.51,,
2021,10,3959523.3,4083124.54,8042647.84,2021-10-01,,,,,,,,,35889.86,78774.4,253235.05,159671.15,20186.16,547756.62,107899.89,655656.52,0.0,6984.29,6984.29,141843.96,33760.37,175370.74,31984.56,230670.51,92500.0,150064.78,856194.91,200538.39,175604.33,0.53,29.5,35.55,12.27,0.27,0.49,0.51,,
2021,11,4008077.3,4109282.85,8117360.15,2021-11-01,,,,,,,,,46237.53,100895.93,310524.55,203917.94,25705.74,687281.69,120927.08,808208.77,0.0,7378.86,7378.86,189410.37,47825.06,219213.43,38148.61,283129.37,108457.8,192970.63,1079155.26,270946.49,237235.43,0.93,23.27,26.04,10.04,0.29,0.49,0.51,,
2021,12,4032368.18,4174371.53,8206739.71,2021-12-01,,,,,,,,,56781.13,123675.66,406316.58,249386.7,31712.08,867872.15,164291.16,1032163.31,0.0,11984.77,11984.77,217281.87,57296.14,246980.66,60724.97,402923.74,144983.32,234688.57,1364879.29,332715.97,274578.02,1.1,27.71,26.48,7.95,0.27,0.49,0.51,,
2022,1,4110120.51,4155788.44,8265908.95,2022-01-01,,,,,,,,,66456.63,145985.3,464926.01,296291.95,36836.39,1010496.28,183004.97,1193501.25,0.0,12624.27,12624.27,253317.53,73052.6,306898.8,61494.07,421186.62,171835.28,256755.11,1544540.01,351038.76,326370.13,0.72,15.63,13.16,6.93,0.27,0.5,0.5,,
2022,2,4181420.48,4157763.28,8339183.76,2022-02-01,,,,,,,,,74989.93,165290.04,505436.61,337469.67,41908.41,1125094.66,196717.37,1321812.03,0.0,14019.76,14019.76,295920.5,89305.95,350741.48,65206.1,473715.84,193653.44,300874.29,1769417.6,447605.57,385226.45,0.89,10.75,14.56,6.31,0.29,0.5,0.5,,
2022,3,4191771.0,4209560.22,8401331.22,2022-03-01,,,,,,,,,84954.06,185817.88,580628.28,382306.77,47916.15,1281623.15,239310.54,1520933.68,0.0,20027.5,20027.5,332229.55,92541.75,386233.94,94012.76,585027.77,216319.67,362747.06,2069112.5,548178.82,424771.3,0.75,15.06,16.94,5.52,0.28,0.5,0.5,,
2022,4,4226843.4,4243534.44,8470377.84,2022-04-01,,,,,,,,,93711.29,206353.29,679153.77,422196.45,52948.37,1454363.18,264504.12,1718867.3,0.0,20892.67,20892.67,371286.72,96150.62,438515.93,93856.54,646362.03,261000.94,410488.27,2317661.04,598793.74,467437.33,0.82,13.01,12.01,4.93,0.27,0.5,0.5,,
2022,5,4268656.81,4295102.46,8563759.27,2022-05-01,,,,,,,,,104731.1,229594.49,770250.43,471724.74,59594.21,1635894.98,279728.61,1915623.58,0.0,22039.28,22039.28,427249.88,111184.95,482403.15,103617.87,708798.32,286496.02,440489.75,2560239.94,644616.35,538434.83,1.1,11.45,10.47,4.47,0.28,0.5,0.5,,
2022,6,4288332.96,4290775.57,8579108.53,2022-06-01,,,,,,,,,118280.17,252094.38,876707.22,523097.64,67041.76,1837221.17,362586.6,2199807.77,0.0,31031.15,31031.15,456848.61,120811.74,520032.77,122431.58,914861.75,352414.31,535782.38,3023183.15,823375.38,577660.35,0.18,14.84,18.08,3.9,0.26,0.5,0.5,,
2022,7,4310691.54,4299821.2,8610512.74,2022-07-01,,,,,,,,,9365.33,17950.9,57935.84,39835.3,5387.65,130475.01,15789.07,146264.09,0.0,0.0,0.0,33487.23,16206.42,41130.11,5563.81,33802.35,22992.45,5583.34,158765.71,12501.62,49693.65,0.37,-93.35,-94.75,58.87,0.34,0.5,0.5,,
2022,8,4335273.44,4327930.65,8663204.08,2022-08-01,,,,,,,,,21219.61,42393.46,115454.47,88487.58,12397.86,279952.98,32304.4,312257.38,0.0,376.84,376.84,82396.53,31756.92,89525.88,5563.81,76936.25,30243.23,40448.94,356871.55,44614.16,114153.45,0.61,113.49,124.78,27.74,0.37,0.5,0.5,,
2022,9,4366278.69,4334790.82,8701069.51,2022-09-01,,,,,,,,,33561.03,62977.28,218604.47,131768.47,17813.3,464724.55,104875.9,569600.45,0.0,622.89,622.89,114813.49,36024.67,130184.27,27589.22,264680.65,70337.8,115885.51,759515.62,189915.17,150838.17,0.44,82.41,112.83,15.28,0.26,0.5,0.5,,
2022,10,4386094.34,4359569.49,8745663.83,2022-10-01,,,,,,,,,43683.34,85052.8,279437.03,175620.3,23525.9,607319.37,123945.55,731264.92,0.0,2138.21,2138.21,159146.15,39743.6,179051.75,21559.44,252735.31,85368.59,128367.05,865971.9,134706.99,198889.75,0.51,28.38,14.02,11.96,0.27,0.5,0.5,,
2022,11,4435937.16,4462891.06,8898828.22,2022-11-01,,,,,,,,,54923.46,108867.58,342488.02,222092.28,29466.08,757837.42,135954.57,893791.99,0.0,3318.93,3318.93,218414.29,55549.06,223814.69,32838.2,292504.25,122100.0,148962.68,1094183.17,200391.18,273963.35,1.75,22.23,26.35,9.96,0.31,0.5,0.5,,
2022,12,4472838.52,4673144.13,9145982.65,2022-12-01,,,,,,,,,67095.73,130339.8,451757.26,264181.48,38403.28,951777.56,195256.34,1147033.89,0.0,4292.31,4292.31,251561.44,67022.49,264226.79,60752.63,477868.08,141088.01,206295.94,1468815.38,321781.49,318583.93,2.78,28.33,34.24,7.97,0.28,0.49,0.51,,
2023,1,4501714.13,4681115.48,9182829.61,2023-01-01,,,,,,,,,79246.74,154122.96,514715.2,311658.62,44132.41,1103875.94,206926.19,1310802.13,2133.11,5630.87,7763.98,287935.65,91335.36,313340.56,50500.38,472050.01,161242.37,234827.17,1611231.5,300429.37,379271.01,0.4,14.28,9.7,7.01,0.29,0.49,0.51,,
2023,2,4551561.27,4709715.16,9261276.43,2023-02-01,,,,,,,,,88166.64,175630.26,566788.63,355502.1,49043.46,1235131.1,228145.21,1463276.3,6982.31,6322.26,13304.57,338356.0,108645.76,358103.5,55615.11,508799.25,183150.0,261694.66,1814364.27,351087.97,447001.76,0.85,11.63,12.61,6.33,0.31,0.49,0.51,,
2023,3,4539592.17,4851094.8,9390686.96,2023-03-01,,,,,,,,,97119.43,198646.17,636937.9,404072.04,55394.85,1392170.39,293872.79,1686043.18,6982.31,11208.82,18191.13,373596.77,115718.19,416861.36,92341.2,676913.91,212750.0,321059.09,2209240.52,523197.34,489314.96,1.4,15.22,21.76,5.57,0.29,0.48,0.52,,
2023,4,4542350.54,5092502.58,9634853.12,2023-04-01,,,,,,,,,106002.34,219675.61,737558.89,447955.64,60699.04,1571891.51,322711.85,1894603.36,6982.31,11979.75,18962.06,422347.81,120124.45,449626.94,62578.16,657448.16,275650.0,314303.16,2302078.67,407475.31,542472.25,2.6,12.37,4.2,5.09,0.29,0.47,0.53,,
2023,5,4549646.53,5137162.58,9686809.12,2023-05-01,,,,,,,,,117586.02,241277.42,816453.42,496627.13,67003.94,1738947.94,341318.14,2080266.08,6982.31,15186.49,22168.8,488242.01,138391.23,494589.63,68431.42,715077.86,305250.0,324719.9,2534702.06,454435.97,626633.24,0.54,9.8,10.1,4.66,0.3,0.47,0.53,,
2023,6,4832112.06,5446560.94,10278672.99,2023-06-01,,,,,,,,,130122.58,264508.63,941575.75,550439.76,73782.51,1960429.24,400080.49,2360509.73,6982.31,16101.16,23083.47,530284.41,154223.36,547156.54,110110.91,966974.54,415773.86,493663.33,3218186.94,857677.2,684507.76,6.11,13.47,26.97,4.35,0.29,0.47,0.53,,
2023,7,4873527.31,5542638.32,10416165.63,2023-07-01,,,,,,,,,8312.25,21560.61,72150.02,48111.15,4861.42,154995.45,14538.91,169534.35,0.0,0.0,0.0,36902.93,29589.11,45471.8,23793.74,22783.32,32761.09,8309.08,199611.07,30076.72,66492.04,1.34,-92.82,-93.8,61.44,0.39,0.47,0.53,,
2023,8,4912338.93,5614091.02,10526429.95,2023-08-01,,,,,,,,,20343.39,47324.43,136068.02,102757.36,10976.77,317469.97,33833.87,351303.84,0.0,1538.76,1538.76,87113.92,52451.94,97418.38,21421.69,74620.01,39268.03,32540.37,404834.34,53530.49,139565.86,1.06,107.22,102.81,29.96,0.4,0.47,0.53,,
2023,9,4914606.17,5667798.53,10582404.7,2023-09-01,,,,,,,,,32433.6,68569.71,243953.76,153026.59,16103.01,514086.67,71963.41,586050.08,0.0,3415.42,3415.42,124913.3,63093.38,142295.42,42377.5,245838.62,61111.62,124566.61,804196.45,218146.37,188006.68,0.53,66.82,98.65,18.06,0.32,0.46,0.54,,
2023,10,4913029.44,5746316.51,10659345.95,2023-10-01,,,,,,,,,44586.47,92638.78,316241.47,209166.64,21771.02,684404.38,142261.81,826666.2,0.0,4350.21,4350.21,177023.11,70975.73,194836.76,39391.25,232530.9,78586.56,96023.94,889368.26,62702.06,247998.83,0.73,41.06,10.59,12.89,0.3,0.46,0.54,,
2023,11,4990750.73,5896502.32,10887253.05,2023-11-01,,,,,,,,,56151.62,116093.94,380444.46,266111.34,28115.7,846917.06,164607.98,1011525.04,0.0,4879.55,4879.55,246990.37,90549.48,245630.89,51926.65,285716.75,107548.37,132409.76,1160772.27,149247.23,337539.85,2.14,22.36,30.52,10.76,0.33,0.46,0.54,,
2023,12,5050108.54,6089584.98,11139693.52,2023-12-01,,,,,,,,,68229.03,139796.88,491283.69,317941.62,33107.62,1050358.84,219828.32,1270187.16,0.0,5455.11,5455.11,300117.66,105024.76,268232.49,74214.01,548859.85,142467.71,265916.02,1704832.5,434645.34,405142.41,2.32,25.57,46.87,8.77,0.32,0.45,0.55,,
2024,1,5050442.0,6189967.47,11240409.47,2024-01-01,,,,,,,,,80108.28,163376.89,559872.35,374950.31,37557.95,1215865.78,285040.82,1500906.59,0.0,5571.0,5571.0,339187.69,142134.21,343883.24,60639.29,519941.62,174330.12,235068.23,1815184.4,314277.81,481321.9,0.9,18.16,6.47,7.49,0.32,0.45,0.55,,
2024,2,5200211.07,5653894.01,10854105.08,2024-02-01,,,,,,,,,89611.7,185189.42,625976.97,430688.11,41964.98,1373431.18,304661.54,1678092.73,39.84,11396.56,11436.4,401680.97,165496.48,393009.42,72864.58,597624.33,206281.99,312074.42,2149032.17,470939.45,567177.44,-3.44,11.81,18.39,6.47,0.34,0.48,0.52,,
2024,3,5235188.41,5163423.34,10398611.75,2024-03-01,,,,,,,,,98435.57,204169.75,704070.84,481094.79,46601.01,1534371.95,321280.38,1855652.33,0.0,13905.22,13905.22,439420.2,177676.02,442135.6,83968.39,534714.99,239072.93,360073.93,2395397.45,539745.12,617096.23,-4.2,10.58,11.46,5.6,0.33,0.5,0.5,,
2024,4,5323712.78,5198811.99,10522524.77,2024-04-01,,,,,,,,,111987.14,224905.27,820683.54,535280.47,52154.17,1745010.59,371987.76,2116998.35,39.84,14601.69,14641.53,489562.49,191990.37,491261.77,102298.29,757552.24,272607.37,404477.97,2709750.5,592752.15,681552.86,1.19,14.08,13.12,4.97,0.32,0.51,0.49,,
2024,5,5319887.46,5118306.6,10438194.05,2024-05-01,,,,,,,,,122031.01,249348.88,911336.69,588467.28,56850.05,1928033.91,462507.3,2390541.21,86.2,16049.03,16135.23,571534.4,209158.61,540387.95,97305.0,847195.79,303709.56,440722.54,3010013.84,619472.62,780693.0,-0.8,12.92,11.08,4.37,0.33,0.51,0.49,,
2024,6,5410300.0,5150839.75,10561139.75,2024-06-01,,,,,,,,,133929.13,276721.93,1042756.14,645488.79,61388.88,2160284.88,542376.78,2702661.66,86.2,21951.01,22037.21,622543.65,218187.87,575269.26,143940.4,1118495.33,380388.14,546385.0,3605209.64,902547.98,840731.52,1.18,13.06,19.77,3.91,0.31,0.51,0.49,,
2024,7,5452995.53,5162853.57,10615849.1,2024-07-01,,,,,,,,,11058.67,19811.14,75899.98,48813.79,3874.81,159458.38,33047.43,192505.82,0.0,0.0,0.0,52694.28,25879.9,20425.83,0.0,42210.24,30833.97,10656.71,182700.94,-9804.88,78574.18,0.52,-92.88,-94.93,55.15,0.41,0.51,0.49,,
2024,8,5558345.45,5176101.99,10734447.44,2024-08-01,,,,,,,,,23962.4,43792.91,135150.14,101155.76,8583.22,312644.43,60814.92,373459.35,0.0,196.26,196.26,135037.97,56002.92,75652.85,6685.24,110809.74,30833.97,44274.37,459297.07,85837.72,191040.89,1.12,94.0,151.39,28.74,0.51,0.52,0.48,,
2024,9,5601710.32,5188364.91,10790075.23,2024-09-01,,,,,,,,,34619.34,68132.99,258642.62,151332.35,12605.59,525332.89,131059.74,656392.63,0.0,1352.69,1352.69,176833.84,72269.35,150146.74,32762.18,200169.09,63595.06,115440.77,811217.03,154824.4,249103.18,0.52,75.76,76.62,16.44,0.38,0.52,0.48,,
2024,10,5693535.56,5120314.76,10813850.32,2024-10-01,,,,,,,,,45223.23,93434.66,337870.6,202900.26,16996.3,696425.04,195360.64,891785.68,0.0,1576.07,1576.07,227225.32,81447.7,200195.66,46424.72,292661.52,94429.03,142114.67,1084498.62,192712.94,308673.01,0.22,35.86,33.69,12.13,0.35,0.53,0.47,,
2024,11,5809298.3,5138127.07,10947425.37,2024-11-01,,,,,,,,,57501.61,115874.05,413803.8,248238.18,21213.51,856631.14,231705.61,1088336.75,0.0,3837.64,3837.64,315249.38,98395.82,250244.58,68045.79,362001.26,158024.09,191154.6,1443115.51,354778.76,413645.19,1.24,22.04,33.07,10.06,0.38,0.53,0.47,,
2024,12,5868273.16,5057005.78,10925278.94,2024-12-01,,,,,,,,,71534.69,141349.27,530834.01,304080.17,25844.77,1073642.92,258131.6,1331774.52,0.0,7512.61,7512.61,421860.07,101691.16,300293.49,84562.45,463734.9,191615.34,232041.48,1795798.9,464024.38,523551.23,-0.2,22.37,24.44,8.2,0.39,0.54,0.46,,
2025,1,5927805.26,5083403.45,11011208.71,2025-01-01,,,,,,,,,83201.93,167079.31,605240.73,365346.6,30549.11,1251417.68,313457.75,1564875.44,0.0,7853.51,7853.51,444734.28,140895.91,350342.41,22874.21,611608.08,207631.2,290101.41,2068187.49,503312.06,585630.19,0.79,17.5,15.17,7.04,0.37,0.54,0.46,,
2025,2,6062699.97,5071505.76,11134205.74,2025-02-01,,,,,,,,,94850.0,192676.0,659033.0,421484.0,44866.0,1412908.0,357129.0,1770037.0,0.0,9635.0,9635.0,565829.0,156485.0,400391.0,110649.0,618684.0,240912.0,322003.0,2414953.0,644916.0,722314.0,1.12,13.11,16.77,6.29,0.41,0.54,0.46,,
2025,3,6126697.86,5238297.33,11364995.19,2025-03-01,,,,,,,,,107748.0,214997.0,746193.0,471006.0,49324.0,1589268.0,409100.0,1998368.0,0.0,14751.0,14751.0,625029.0,171454.0,440254.0,117812.0,712683.0,255541.0,376927.0,2699700.0,701332.0,796483.0,2.07,12.9,11.79,5.69,0.4,0.54,0.46,,
2025,4,6164101.75,5326268.77,11490370.52,2025-04-01,,,,,,,,,121665.0,241120.0,867379.0,526698.0,54576.0,1811438.0,443658.0,2255096.0,0.0,9858.0,9858.0,690098.0,181437.0,500489.0,140284.0,824808.0,299379.0,388135.0,3024631.0,769535.0,871535.0,1.1,12.85,12.04,5.1,0.39,0.54,0.46,,
2025,5,6203536.52,5308179.84,11511716.37,2025-05-01,,,,,,,,,137507.03,268558.02,963134.52,593393.81,59527.9,2022121.27,490260.22,2512381.49,0.0,12887.56,12887.56,732767.84,195605.33,550538.07,155212.03,942803.68,372275.06,466559.47,3415761.46,903379.98,928373.17,0.19,11.41,12.93,4.58,0.37,0.54,0.46,,
2025,6,6325454.27,5484829.65,11810283.92,2025-06-01,,,,,,,,,157107.07,292468.09,1093031.79,660728.71,68051.49,2271387.16,685484.13,2956871.28,956.47,33320.31,33320.31,784117.37,211002.37,627102.44,174089.81,1146997.37,447730.66,576776.78,3967816.8,1010945.52,995119.74,2.59,17.69,16.16,3.99,0.34,0.54,0.46,,
2025,7,6386243.3,5385289.2,11771532.5,2025-07-01,,,,,,,,,13544.58,23180.84,73297.4,56825.56,4587.61,171436.0,43235.7,214671.7,0.0,0.0,0.0,53504.58,21599.07,54773.77,8901.98,62430.91,0.0,16364.25,217574.57,2902.87,75103.65,-0.33,-92.74,-94.52,54.84,0.35,0.54,0.46,,
2025,8,6564515.54,5403280.67,11967796.21,2025-08-01,,,,,,,,,25388.88,48467.75,135190.86,110796.94,8741.55,328585.98,91674.39,420260.37,0.0,86.37,86.37,145283.08,49411.12,109547.55,10798.16,177065.11,32931.12,53807.44,578843.59,158583.22,194694.21,1.67,95.77,166.04,28.48,0.46,0.55,0.45,,
2025,9,6660418.34,5393528.25,12053946.59,2025-09-01,,,,,,,,,40471.17,73875.03,252614.55,173371.35,15807.02,556139.12,139852.31,695991.42,0.0,2949.76,2949.76,201010.06,71989.53,164321.32,37176.04,265644.72,66131.12,122056.03,928328.82,232337.4,272999.59,0.72,65.61,60.38,17.32,0.39,0.55,0.45,,
2025,10,6737573.34,5451889.67,12189463.02,2025-10-01,,,,,,,,,53407.43,100187.87,331064.89,232612.96,21600.73,738873.9,203090.59,941964.48,0.0,3927.47,3927.47,261441.68,87462.41,219095.09,37870.72,377863.87,104041.67,186797.52,1274572.96,332608.48,348904.09,1.12,35.34,37.3,12.94,0.37,0.55,0.45,,
2025,11,6785341.05,5469191.18,12254532.23,2025-11-01,,,,,,,,,68005.8,127512.59,401096.77,289838.97,28216.95,914671.08,236692.88,1151363.95,0.0,4810.73,4810.73,355641.68,101855.5,273868.87,44261.65,443678.29,139585.55,232749.13,1591640.67,440276.71,457497.18,0.53,22.23,24.88,10.64,0.4,0.55,0.45,,
2025,12,6837510.72,5461965.65,12299476.37,2025-12-01,,,,,,,,,84731.07,153646.96,542354.65,350995.73,35624.45,1167352.86,333235.01,1500587.87,0.0,5758.57,5758.57,414106.28,104727.93,328642.64,65906.11,638806.87,179519.26,292710.87,2024419.97,523832.1,518834.21,0.37,30.33,27.19,8.2,0.35,0.56,0.44,,
